Allemagne	2016°	Emploi_au_sein_du_gouvernement=_part_de_femmes	10.58%	0.7884
Autriche	2016°	Emploi_au_sein_du_gouvernement=_part_de_femmes	16.96%	0.6608
Belgique	2016°	Emploi_au_sein_du_gouvernement=_part_de_femmes	18.66%	0.6268
Canada	2016°	Emploi_au_sein_du_gouvernement=_part_de_femmes	19.75%	0.605
Corée	2016°	Emploi_au_sein_du_gouvernement=_part_de_femmes	7.65%	0.847
Costa_Rica	2016°	Emploi_au_sein_du_gouvernement=_part_de_femmes	12.16%	0.7568
Croatie	2016°	Emploi_au_sein_du_gouvernement=_part_de_femmes	21.65%	0.567
Danemark	2016°	Emploi_au_sein_du_gouvernement=_part_de_femmes	28.47%	0.4306
Espagne	2016°	Emploi_au_sein_du_gouvernement=_part_de_femmes	15.96%	0.6808
Estonie	2016°	Emploi_au_sein_du_gouvernement=_part_de_femmes	22.20%	0.556
Finlande	2016°	Emploi_au_sein_du_gouvernement=_part_de_femmes	24.28%	0.5144
France	2016°	Emploi_au_sein_du_gouvernement=_part_de_femmes	22.09%	0.5582
Grèce	2016°	Emploi_au_sein_du_gouvernement=_part_de_femmes	16.47%	0.6706000000000001
Hongrie	2016°	Emploi_au_sein_du_gouvernement=_part_de_femmes	21.46%	0.5708
Irlande	2016°	Emploi_au_sein_du_gouvernement=_part_de_femmes	14.54%	0.7092
Islande	2016°	Emploi_au_sein_du_gouvernement=_part_de_femmes	24.38%	0.5124
Israël	2016°	Emploi_au_sein_du_gouvernement=_part_de_femmes	19.74%	0.6052
Italie	2016°	Emploi_au_sein_du_gouvernement=_part_de_femmes	13.68%	0.7263999999999999
Japon	2016°	Emploi_au_sein_du_gouvernement=_part_de_femmes	4.59%	0.9082
Lettonie	2016°	Emploi_au_sein_du_gouvernement=_part_de_femmes	19.81%	0.6038
Lituanie	2016°	Emploi_au_sein_du_gouvernement=_part_de_femmes	22.70%	0.546
Luxembourg	2016°	Emploi_au_sein_du_gouvernement=_part_de_femmes	13.41%	0.7318
Mexique	2016°	Emploi_au_sein_du_gouvernement=_part_de_femmes	12.64%	0.7472
Norvège	2016°	Emploi_au_sein_du_gouvernement=_part_de_femmes	30.36%	0.39280000000000004
Pays-Bas	2016°	Emploi_au_sein_du_gouvernement=_part_de_femmes	12.26%	0.7548
Pologne	2016°	Emploi_au_sein_du_gouvernement=_part_de_femmes	16.72%	0.6656
Portugal	2016°	Emploi_au_sein_du_gouvernement=_part_de_femmes	14.73%	0.7054
Roumanie	2016°	Emploi_au_sein_du_gouvernement=_part_de_femmes	16.37%	0.6726
Royaume-Uni	2016°	Emploi_au_sein_du_gouvernement=_part_de_femmes	16.24%	0.6752
Seychelles	2016°	Emploi_au_sein_du_gouvernement=_part_de_femmes	16.18%	0.6764
Slovaquie	2016°	Emploi_au_sein_du_gouvernement=_part_de_femmes	19.00%	0.62
Slovénie	2016°	Emploi_au_sein_du_gouvernement=_part_de_femmes	17.33%	0.6534
Suisse	2016°	Emploi_au_sein_du_gouvernement=_part_de_femmes	10.56%	0.7888
Suède	2016°	Emploi_au_sein_du_gouvernement=_part_de_femmes	29.42%	0.41159999999999997
Turquie	2016°	Emploi_au_sein_du_gouvernement=_part_de_femmes	11.18%	0.7764
États-Unis	2016°	Emploi_au_sein_du_gouvernement=_part_de_femmes	15.27%	0.6946
Allemagne	2017°	Emploi_au_sein_du_gouvernement=_part_de_femmes	10.57%	0.7886
Autriche	2017°	Emploi_au_sein_du_gouvernement=_part_de_femmes	16.88%	0.6624000000000001
Belgique	2017°	Emploi_au_sein_du_gouvernement=_part_de_femmes	18.54%	0.6292
Canada	2017°	Emploi_au_sein_du_gouvernement=_part_de_femmes	19.52%	0.6096
Corée	2017°	Emploi_au_sein_du_gouvernement=_part_de_femmes	7.75%	0.845
Costa_Rica	2017°	Emploi_au_sein_du_gouvernement=_part_de_femmes	12.34%	0.7532
Croatie	2017°	Emploi_au_sein_du_gouvernement=_part_de_femmes	21.82%	0.5636
Danemark	2017°	Emploi_au_sein_du_gouvernement=_part_de_femmes	28.02%	0.4396
Espagne	2017°	Emploi_au_sein_du_gouvernement=_part_de_femmes	15.68%	0.6864
Estonie	2017°	Emploi_au_sein_du_gouvernement=_part_de_femmes	21.08%	0.5784
Finlande	2017°	Emploi_au_sein_du_gouvernement=_part_de_femmes	24.18%	0.5164
France	2017°	Emploi_au_sein_du_gouvernement=_part_de_femmes	21.84%	0.5631999999999999
Grèce	2017°	Emploi_au_sein_du_gouvernement=_part_de_femmes	16.58%	0.6684000000000001
Hongrie	2017°	Emploi_au_sein_du_gouvernement=_part_de_femmes	20.58%	0.5884
Irlande	2017°	Emploi_au_sein_du_gouvernement=_part_de_femmes	14.65%	0.7070000000000001
Islande	2017°	Emploi_au_sein_du_gouvernement=_part_de_femmes	23.79%	0.5242
Israël	2017°	Emploi_au_sein_du_gouvernement=_part_de_femmes	19.78%	0.6044
Italie	2017°	Emploi_au_sein_du_gouvernement=_part_de_femmes	13.41%	0.7318
Japon	2017°	Emploi_au_sein_du_gouvernement=_part_de_femmes	4.55%	0.909
Lettonie	2017°	Emploi_au_sein_du_gouvernement=_part_de_femmes	19.68%	0.6064
Lituanie	2017°	Emploi_au_sein_du_gouvernement=_part_de_femmes	22.65%	0.547
Luxembourg	2017°	Emploi_au_sein_du_gouvernement=_part_de_femmes	13.40%	0.732
Mexique	2017°	Emploi_au_sein_du_gouvernement=_part_de_femmes	12.61%	0.7478
Norvège	2017°	Emploi_au_sein_du_gouvernement=_part_de_femmes	30.49%	0.3902
Pays-Bas	2017°	Emploi_au_sein_du_gouvernement=_part_de_femmes	12.00%	0.76
Pologne	2017°	Emploi_au_sein_du_gouvernement=_part_de_femmes	17.19%	0.6561999999999999
Portugal	2017°	Emploi_au_sein_du_gouvernement=_part_de_femmes	14.34%	0.7132000000000001
Roumanie	2017°	Emploi_au_sein_du_gouvernement=_part_de_femmes	15.88%	0.6824
Royaume-Uni	2017°	Emploi_au_sein_du_gouvernement=_part_de_femmes	16.07%	0.6786
Seychelles	2017°	Emploi_au_sein_du_gouvernement=_part_de_femmes	16.46%	0.6708000000000001
Slovaquie	2017°	Emploi_au_sein_du_gouvernement=_part_de_femmes	18.73%	0.6254
Slovénie	2017°	Emploi_au_sein_du_gouvernement=_part_de_femmes	17.15%	0.657
Suisse	2017°	Emploi_au_sein_du_gouvernement=_part_de_femmes	10.56%	0.7888
Suède	2017°	Emploi_au_sein_du_gouvernement=_part_de_femmes	29.22%	0.41559999999999997
Turquie	2017°	Emploi_au_sein_du_gouvernement=_part_de_femmes	10.77%	0.7846
États-Unis	2017°	Emploi_au_sein_du_gouvernement=_part_de_femmes	15.16%	0.6968
Allemagne	2018°	Emploi_au_sein_du_gouvernement=_part_de_femmes	10.57%	0.7886
Autriche	2018°	Emploi_au_sein_du_gouvernement=_part_de_femmes	16.77%	0.6646000000000001
Belgique	2018°	Emploi_au_sein_du_gouvernement=_part_de_femmes	18.41%	0.6317999999999999
Canada	2018°	Emploi_au_sein_du_gouvernement=_part_de_femmes	19.65%	0.607
Corée	2018°	Emploi_au_sein_du_gouvernement=_part_de_femmes	7.77%	0.8446
Costa_Rica	2018°	Emploi_au_sein_du_gouvernement=_part_de_femmes	11.71%	0.7658
Croatie	2018°	Emploi_au_sein_du_gouvernement=_part_de_femmes	21.94%	0.5611999999999999
Danemark	2018°	Emploi_au_sein_du_gouvernement=_part_de_femmes	27.81%	0.4438
Espagne	2018°	Emploi_au_sein_du_gouvernement=_part_de_femmes	15.66%	0.6868000000000001
Estonie	2018°	Emploi_au_sein_du_gouvernement=_part_de_femmes	21.38%	0.5724
Finlande	2018°	Emploi_au_sein_du_gouvernement=_part_de_femmes	24.14%	0.5172
France	2018°	Emploi_au_sein_du_gouvernement=_part_de_femmes	21.54%	0.5692
Grèce	2018°	Emploi_au_sein_du_gouvernement=_part_de_femmes	16.12%	0.6776
Hongrie	2018°	Emploi_au_sein_du_gouvernement=_part_de_femmes	19.70%	0.6060000000000001
Irlande	2018°	Emploi_au_sein_du_gouvernement=_part_de_femmes	14.68%	0.7064
Islande	2018°	Emploi_au_sein_du_gouvernement=_part_de_femmes	23.99%	0.5202
Israël	2018°	Emploi_au_sein_du_gouvernement=_part_de_femmes	19.75%	0.605
Italie	2018°	Emploi_au_sein_du_gouvernement=_part_de_femmes	13.35%	0.733
Japon	2018°	Emploi_au_sein_du_gouvernement=_part_de_femmes	4.46%	0.9108
Lettonie	2018°	Emploi_au_sein_du_gouvernement=_part_de_femmes	19.66%	0.6068
Lituanie	2018°	Emploi_au_sein_du_gouvernement=_part_de_femmes	22.32%	0.5536
Luxembourg	2018°	Emploi_au_sein_du_gouvernement=_part_de_femmes	13.62%	0.7276
Mexique	2018°	Emploi_au_sein_du_gouvernement=_part_de_femmes	12.56%	0.7487999999999999
Norvège	2018°	Emploi_au_sein_du_gouvernement=_part_de_femmes	30.41%	0.39180000000000004
Pays-Bas	2018°	Emploi_au_sein_du_gouvernement=_part_de_femmes	11.72%	0.7656
Pologne	2018°	Emploi_au_sein_du_gouvernement=_part_de_femmes	17.21%	0.6557999999999999
Portugal	2018°	Emploi_au_sein_du_gouvernement=_part_de_femmes	14.08%	0.7183999999999999
Roumanie	2018°	Emploi_au_sein_du_gouvernement=_part_de_femmes	16.09%	0.6782
Royaume-Uni	2018°	Emploi_au_sein_du_gouvernement=_part_de_femmes	15.96%	0.6808
Seychelles	2018°	Emploi_au_sein_du_gouvernement=_part_de_femmes	16.54%	0.6692
Slovaquie	2018°	Emploi_au_sein_du_gouvernement=_part_de_femmes	18.64%	0.6272
Slovénie	2018°	Emploi_au_sein_du_gouvernement=_part_de_femmes	16.95%	0.661
Suisse	2018°	Emploi_au_sein_du_gouvernement=_part_de_femmes	10.65%	0.787
Suède	2018°	Emploi_au_sein_du_gouvernement=_part_de_femmes	29.01%	0.41979999999999995
Turquie	2018°	Emploi_au_sein_du_gouvernement=_part_de_femmes	11.94%	0.7612
États-Unis	2018°	Emploi_au_sein_du_gouvernement=_part_de_femmes	14.99%	0.7001999999999999
Allemagne	2019°	Emploi_au_sein_du_gouvernement=_part_de_femmes	10.64%	0.7872
Autriche	2019°	Emploi_au_sein_du_gouvernement=_part_de_femmes	16.70%	0.666
Belgique	2019°	Emploi_au_sein_du_gouvernement=_part_de_femmes	18.33%	0.6334
Canada	2019°	Emploi_au_sein_du_gouvernement=_part_de_femmes	19.71%	0.6058
Corée	2019°	Emploi_au_sein_du_gouvernement=_part_de_femmes	8.13%	0.8373999999999999
Costa_Rica	2019°	Emploi_au_sein_du_gouvernement=_part_de_femmes	12.09%	0.7582
Croatie	2019°	Emploi_au_sein_du_gouvernement=_part_de_femmes	22.76%	0.5448
Danemark	2019°	Emploi_au_sein_du_gouvernement=_part_de_femmes	27.62%	0.4476
Espagne	2019°	Emploi_au_sein_du_gouvernement=_part_de_femmes	15.38%	0.6923999999999999
Estonie	2019°	Emploi_au_sein_du_gouvernement=_part_de_femmes	22.00%	0.56
Finlande	2019°	Emploi_au_sein_du_gouvernement=_part_de_femmes	24.39%	0.5122
France	2019°	Emploi_au_sein_du_gouvernement=_part_de_femmes	21.31%	0.5738000000000001
Grèce	2019°	Emploi_au_sein_du_gouvernement=_part_de_femmes	16.03%	0.6794
Hongrie	2019°	Emploi_au_sein_du_gouvernement=_part_de_femmes	19.49%	0.6102000000000001
Irlande	2019°	Emploi_au_sein_du_gouvernement=_part_de_femmes	19.99%	0.6002000000000001
Islande	2019°	Emploi_au_sein_du_gouvernement=_part_de_femmes	24.95%	0.501
Israël	2019°	Emploi_au_sein_du_gouvernement=_part_de_femmes	19.66%	0.6068
Italie	2019°	Emploi_au_sein_du_gouvernement=_part_de_femmes	13.35%	0.733
Japon	2019°	Emploi_au_sein_du_gouvernement=_part_de_femmes	4.43%	0.9114
Lettonie	2019°	Emploi_au_sein_du_gouvernement=_part_de_femmes	19.61%	0.6078
Lituanie	2019°	Emploi_au_sein_du_gouvernement=_part_de_femmes	22.27%	0.5546
Luxembourg	2019°	Emploi_au_sein_du_gouvernement=_part_de_femmes	13.70%	0.726
Mexique	2019°	Emploi_au_sein_du_gouvernement=_part_de_femmes	12.50%	0.75
Norvège	2019°	Emploi_au_sein_du_gouvernement=_part_de_femmes	30.18%	0.3964
Pays-Bas	2019°	Emploi_au_sein_du_gouvernement=_part_de_femmes	11.69%	0.7662
Pologne	2019°	Emploi_au_sein_du_gouvernement=_part_de_femmes	17.70%	0.646
Portugal	2019°	Emploi_au_sein_du_gouvernement=_part_de_femmes	14.19%	0.7162
Roumanie	2019°	Emploi_au_sein_du_gouvernement=_part_de_femmes	16.51%	0.6698
Royaume-Uni	2019°	Emploi_au_sein_du_gouvernement=_part_de_femmes	15.98%	0.6804
Seychelles	2019°	Emploi_au_sein_du_gouvernement=_part_de_femmes	16.57%	0.6686
Slovaquie	2019°	Emploi_au_sein_du_gouvernement=_part_de_femmes	18.67%	0.6266
Slovénie	2019°	Emploi_au_sein_du_gouvernement=_part_de_femmes	16.76%	0.6648
Suisse	2019°	Emploi_au_sein_du_gouvernement=_part_de_femmes	10.88%	0.7824
Suède	2019°	Emploi_au_sein_du_gouvernement=_part_de_femmes	29.08%	0.4184
Turquie	2019°	Emploi_au_sein_du_gouvernement=_part_de_femmes	13.06%	0.7388
États-Unis	2019°	Emploi_au_sein_du_gouvernement=_part_de_femmes	14.92%	0.7016
Allemagne	2020°	Emploi_au_sein_du_gouvernement=_part_de_femmes	10.87%	0.7826
Autriche	2020°	Emploi_au_sein_du_gouvernement=_part_de_femmes	17.15%	0.657
Belgique	2020°	Emploi_au_sein_du_gouvernement=_part_de_femmes	18.46%	0.6308
Canada	2020°	Emploi_au_sein_du_gouvernement=_part_de_femmes	21.32%	0.5736
Corée	2020°	Emploi_au_sein_du_gouvernement=_part_de_femmes	8.76%	0.8248
Costa_Rica	2020°	Emploi_au_sein_du_gouvernement=_part_de_femmes	13.52%	0.7296
Croatie	2020°	Emploi_au_sein_du_gouvernement=_part_de_femmes	22.80%	0.544
Danemark	2020°	Emploi_au_sein_du_gouvernement=_part_de_femmes	28.02%	0.4396
Espagne	2020°	Emploi_au_sein_du_gouvernement=_part_de_femmes	16.61%	0.6678
Estonie	2020°	Emploi_au_sein_du_gouvernement=_part_de_femmes	22.73%	0.5454
Finlande	2020°	Emploi_au_sein_du_gouvernement=_part_de_femmes	25.18%	0.49639999999999995
France	2020°	Emploi_au_sein_du_gouvernement=_part_de_femmes	21.47%	0.5706
Grèce	2020°	Emploi_au_sein_du_gouvernement=_part_de_femmes	16.43%	0.6714
Hongrie	2020°	Emploi_au_sein_du_gouvernement=_part_de_femmes	19.74%	0.6052
Irlande	2020°	Emploi_au_sein_du_gouvernement=_part_de_femmes	20.57%	0.5886
Israël	2020°	Emploi_au_sein_du_gouvernement=_part_de_femmes	20.50%	0.5900000000000001
Italie	2020°	Emploi_au_sein_du_gouvernement=_part_de_femmes	13.54%	0.7292000000000001
Japon	2020°	Emploi_au_sein_du_gouvernement=_part_de_femmes	4.49%	0.9102
Lettonie	2020°	Emploi_au_sein_du_gouvernement=_part_de_femmes	20.73%	0.5853999999999999
Lituanie	2020°	Emploi_au_sein_du_gouvernement=_part_de_femmes	22.50%	0.55
Luxembourg	2020°	Emploi_au_sein_du_gouvernement=_part_de_femmes	14.25%	0.7150000000000001
Mexique	2020°	Emploi_au_sein_du_gouvernement=_part_de_femmes	13.37%	0.7326
Norvège	2020°	Emploi_au_sein_du_gouvernement=_part_de_femmes	30.73%	0.38539999999999996
Pays-Bas	2020°	Emploi_au_sein_du_gouvernement=_part_de_femmes	11.97%	0.7605999999999999
Pologne	2020°	Emploi_au_sein_du_gouvernement=_part_de_femmes	17.30%	0.6539999999999999
Portugal	2020°	Emploi_au_sein_du_gouvernement=_part_de_femmes	14.86%	0.7028000000000001
Roumanie	2020°	Emploi_au_sein_du_gouvernement=_part_de_femmes	16.91%	0.6617999999999999
Royaume-Uni	2020°	Emploi_au_sein_du_gouvernement=_part_de_femmes	16.41%	0.6718
Seychelles	2020°	Emploi_au_sein_du_gouvernement=_part_de_femmes	17.14%	0.6572
Slovaquie	2020°	Emploi_au_sein_du_gouvernement=_part_de_femmes	19.17%	0.6166
Slovénie	2020°	Emploi_au_sein_du_gouvernement=_part_de_femmes	17.11%	0.6577999999999999
Suisse	2020°	Emploi_au_sein_du_gouvernement=_part_de_femmes	11.22%	0.7756
Suède	2020°	Emploi_au_sein_du_gouvernement=_part_de_femmes	29.42%	0.41159999999999997
Turquie	2020°	Emploi_au_sein_du_gouvernement=_part_de_femmes	14.20%	0.716
États-Unis	2020°	Emploi_au_sein_du_gouvernement=_part_de_femmes	15.44%	0.6912
Allemagne	2021°	Emploi_au_sein_du_gouvernement=_part_de_femmes	11.13%	0.7774
Autriche	2021°	Emploi_au_sein_du_gouvernement=_part_de_femmes	16.95%	0.661
Belgique	2021°	Emploi_au_sein_du_gouvernement=_part_de_femmes	18.38%	0.6324000000000001
Canada	2021°	Emploi_au_sein_du_gouvernement=_part_de_femmes	20.68%	0.5864
Corée	2021°	Emploi_au_sein_du_gouvernement=_part_de_femmes	8.83%	0.8234
Croatie	2021°	Emploi_au_sein_du_gouvernement=_part_de_femmes	22.77%	0.5446
Danemark	2021°	Emploi_au_sein_du_gouvernement=_part_de_femmes	28.04%	0.43920000000000003
Espagne	2021°	Emploi_au_sein_du_gouvernement=_part_de_femmes	16.55%	0.669
Estonie	2021°	Emploi_au_sein_du_gouvernement=_part_de_femmes	23.43%	0.5314
Finlande	2021°	Emploi_au_sein_du_gouvernement=_part_de_femmes	25.41%	0.4918
France	2021°	Emploi_au_sein_du_gouvernement=_part_de_femmes	21.13%	0.5774
Grèce	2021°	Emploi_au_sein_du_gouvernement=_part_de_femmes	16.10%	0.6779999999999999
Hongrie	2021°	Emploi_au_sein_du_gouvernement=_part_de_femmes	19.57%	0.6086
Irlande	2021°	Emploi_au_sein_du_gouvernement=_part_de_femmes	20.49%	0.5902000000000001
Israël	2021°	Emploi_au_sein_du_gouvernement=_part_de_femmes	20.93%	0.5814
Italie	2021°	Emploi_au_sein_du_gouvernement=_part_de_femmes	13.53%	0.7294
Japon	2021°	Emploi_au_sein_du_gouvernement=_part_de_femmes	4.55%	0.909
Lettonie	2021°	Emploi_au_sein_du_gouvernement=_part_de_femmes	21.13%	0.5774
Lituanie	2021°	Emploi_au_sein_du_gouvernement=_part_de_femmes	22.47%	0.5506
Luxembourg	2021°	Emploi_au_sein_du_gouvernement=_part_de_femmes	14.52%	0.7096
Mexique	2021°	Emploi_au_sein_du_gouvernement=_part_de_femmes	13.66%	0.7268
Norvège	2021°	Emploi_au_sein_du_gouvernement=_part_de_femmes	30.92%	0.38159999999999994
Pays-Bas	2021°	Emploi_au_sein_du_gouvernement=_part_de_femmes	12.05%	0.759
Pologne	2021°	Emploi_au_sein_du_gouvernement=_part_de_femmes	17.30%	0.6539999999999999
Portugal	2021°	Emploi_au_sein_du_gouvernement=_part_de_femmes	14.97%	0.7006
Royaume-Uni	2021°	Emploi_au_sein_du_gouvernement=_part_de_femmes	16.90%	0.662
Seychelles	2021°	Emploi_au_sein_du_gouvernement=_part_de_femmes	17.25%	0.655
Slovaquie	2021°	Emploi_au_sein_du_gouvernement=_part_de_femmes	19.30%	0.614
Slovénie	2021°	Emploi_au_sein_du_gouvernement=_part_de_femmes	17.17%	0.6566
Suède	2021°	Emploi_au_sein_du_gouvernement=_part_de_femmes	29.27%	0.41459999999999997
Turquie	2021°	Emploi_au_sein_du_gouvernement=_part_de_femmes	13.45%	0.7310000000000001
États-Unis	2021°	Emploi_au_sein_du_gouvernement=_part_de_femmes	14.95%	0.7010000000000001
