Allemagne	2020°	Parlementaires_de_moins_de_40_ans=_part_de_femmes	17.59%	0.6482
Australie	2020°	Parlementaires_de_moins_de_40_ans=_part_de_femmes	13.91%	0.7218
Autriche	2020°	Parlementaires_de_moins_de_40_ans=_part_de_femmes	27.87%	0.4426
Belgique	2020°	Parlementaires_de_moins_de_40_ans=_part_de_femmes	28.00%	0.43999999999999995
Canada	2020°	Parlementaires_de_moins_de_40_ans=_part_de_femmes	14.14%	0.7172000000000001
Chili	2020°	Parlementaires_de_moins_de_40_ans=_part_de_femmes	26.67%	0.4666
Danemark	2020°	Parlementaires_de_moins_de_40_ans=_part_de_femmes	30.73%	0.38539999999999996
Espagne	2020°	Parlementaires_de_moins_de_40_ans=_part_de_femmes	14.04%	0.7192000000000001
Estonie	2020°	Parlementaires_de_moins_de_40_ans=_part_de_femmes	23.76%	0.5247999999999999
Finlande	2020°	Parlementaires_de_moins_de_40_ans=_part_de_femmes	36.00%	0.28
France	2020°	Parlementaires_de_moins_de_40_ans=_part_de_femmes	7.57%	0.8486
Grèce	2020°	Parlementaires_de_moins_de_40_ans=_part_de_femmes	12.00%	0.76
Hongrie	2020°	Parlementaires_de_moins_de_40_ans=_part_de_femmes	29.44%	0.4112
Irlande	2020°	Parlementaires_de_moins_de_40_ans=_part_de_femmes	18.29%	0.6342000000000001
Islande	2020°	Parlementaires_de_moins_de_40_ans=_part_de_femmes	20.63%	0.5874
Israël	2020°	Parlementaires_de_moins_de_40_ans=_part_de_femmes	18.64%	0.6272
Italie	2020°	Parlementaires_de_moins_de_40_ans=_part_de_femmes	32.81%	0.3438
Japon	2020°	Parlementaires_de_moins_de_40_ans=_part_de_femmes	12.71%	0.7458
Lettonie	2020°	Parlementaires_de_moins_de_40_ans=_part_de_femmes	27.00%	0.45999999999999996
Lituanie	2020°	Parlementaires_de_moins_de_40_ans=_part_de_femmes	12.06%	0.7588
Luxembourg	2020°	Parlementaires_de_moins_de_40_ans=_part_de_femmes	11.67%	0.7666
Mexique	2020°	Parlementaires_de_moins_de_40_ans=_part_de_femmes	28.60%	0.42799999999999994
Norvège	2020°	Parlementaires_de_moins_de_40_ans=_part_de_femmes	36.09%	0.2781999999999999
Nouvelle-Zélande	2020°	Parlementaires_de_moins_de_40_ans=_part_de_femmes	17.39%	0.6522
Pays-Bas	2020°	Parlementaires_de_moins_de_40_ans=_part_de_femmes	26.67%	0.4666
Pologne	2020°	Parlementaires_de_moins_de_40_ans=_part_de_femmes	22.39%	0.5522
Portugal	2020°	Parlementaires_de_moins_de_40_ans=_part_de_femmes	23.04%	0.5392
Royaume-Uni	2020°	Parlementaires_de_moins_de_40_ans=_part_de_femmes	20.03%	0.5993999999999999
Seychelles	2020°	Parlementaires_de_moins_de_40_ans=_part_de_femmes	17.00%	0.6599999999999999
Slovaquie	2020°	Parlementaires_de_moins_de_40_ans=_part_de_femmes	16.67%	0.6666
Slovénie	2020°	Parlementaires_de_moins_de_40_ans=_part_de_femmes	25.56%	0.4888
Suisse	2020°	Parlementaires_de_moins_de_40_ans=_part_de_femmes	25.50%	0.49
Suède	2020°	Parlementaires_de_moins_de_40_ans=_part_de_femmes	34.38%	0.3123999999999999
États-Unis	2020°	Parlementaires_de_moins_de_40_ans=_part_de_femmes	11.52%	0.7696000000000001
Allemagne	2022°	Parlementaires_de_moins_de_40_ans=_part_de_femmes	28.94%	0.4212
Australie	2022°	Parlementaires_de_moins_de_40_ans=_part_de_femmes	13.91%	0.7218
Autriche	2022°	Parlementaires_de_moins_de_40_ans=_part_de_femmes	27.87%	0.4426
Belgique	2022°	Parlementaires_de_moins_de_40_ans=_part_de_femmes	28.00%	0.43999999999999995
Brésil	2022°	Parlementaires_de_moins_de_40_ans=_part_de_femmes	26.90%	0.4620000000000001
Bulgarie	2022°	Parlementaires_de_moins_de_40_ans=_part_de_femmes	32.50%	0.35
Canada	2022°	Parlementaires_de_moins_de_40_ans=_part_de_femmes	16.88%	0.6624000000000001
Chili	2022°	Parlementaires_de_moins_de_40_ans=_part_de_femmes	31.61%	0.3678
Colombie	2022°	Parlementaires_de_moins_de_40_ans=_part_de_femmes	32.73%	0.34540000000000004
Corée	2022°	Parlementaires_de_moins_de_40_ans=_part_de_femmes	27.00%	0.45999999999999996
Costa_Rica	2022°	Parlementaires_de_moins_de_40_ans=_part_de_femmes	28.07%	0.4386
Croatie	2022°	Parlementaires_de_moins_de_40_ans=_part_de_femmes	22.52%	0.5496000000000001
Danemark	2022°	Parlementaires_de_moins_de_40_ans=_part_de_femmes	30.73%	0.38539999999999996
Espagne	2022°	Parlementaires_de_moins_de_40_ans=_part_de_femmes	22.86%	0.5428
Estonie	2022°	Parlementaires_de_moins_de_40_ans=_part_de_femmes	19.80%	0.604
Finlande	2022°	Parlementaires_de_moins_de_40_ans=_part_de_femmes	29.00%	0.42000000000000004
France	2022°	Parlementaires_de_moins_de_40_ans=_part_de_femmes	26.52%	0.4696
Grèce	2022°	Parlementaires_de_moins_de_40_ans=_part_de_femmes	12.33%	0.7534
Hongrie	2022°	Parlementaires_de_moins_de_40_ans=_part_de_femmes	18.59%	0.6282
Irlande	2022°	Parlementaires_de_moins_de_40_ans=_part_de_femmes	18.75%	0.625
Islande	2022°	Parlementaires_de_moins_de_40_ans=_part_de_femmes	20.63%	0.5874
Israël	2022°	Parlementaires_de_moins_de_40_ans=_part_de_femmes	12.50%	0.75
Italie	2022°	Parlementaires_de_moins_de_40_ans=_part_de_femmes	16.25%	0.675
Japon	2022°	Parlementaires_de_moins_de_40_ans=_part_de_femmes	6.02%	0.8796
Lettonie	2022°	Parlementaires_de_moins_de_40_ans=_part_de_femmes	29.08%	0.4184
Lituanie	2022°	Parlementaires_de_moins_de_40_ans=_part_de_femmes	20.00%	0.6
Luxembourg	2022°	Parlementaires_de_moins_de_40_ans=_part_de_femmes	28.60%	0.42799999999999994
Mexique	2022°	Parlementaires_de_moins_de_40_ans=_part_de_femmes	39.33%	0.21340000000000003
Norvège	2022°	Parlementaires_de_moins_de_40_ans=_part_de_femmes	22.39%	0.5522
Nouvelle-Zélande	2022°	Parlementaires_de_moins_de_40_ans=_part_de_femmes	34.32%	0.3136
Pays-Bas	2022°	Parlementaires_de_moins_de_40_ans=_part_de_femmes	27.50%	0.44999999999999996
Pologne	2022°	Parlementaires_de_moins_de_40_ans=_part_de_femmes	24.35%	0.5129999999999999
Portugal	2022°	Parlementaires_de_moins_de_40_ans=_part_de_femmes	3.70%	0.9259999999999999
Roumanie	2022°	Parlementaires_de_moins_de_40_ans=_part_de_femmes	34.65%	0.30700000000000005
Royaume-Uni	2022°	Parlementaires_de_moins_de_40_ans=_part_de_femmes	21.69%	0.5662
Seychelles	2022°	Parlementaires_de_moins_de_40_ans=_part_de_femmes	19.00%	0.62
Slovaquie	2022°	Parlementaires_de_moins_de_40_ans=_part_de_femmes	29.05%	0.41900000000000004
Slovénie	2022°	Parlementaires_de_moins_de_40_ans=_part_de_femmes	22.22%	0.5556000000000001
Suisse	2022°	Parlementaires_de_moins_de_40_ans=_part_de_femmes	25.50%	0.49
Suède	2022°	Parlementaires_de_moins_de_40_ans=_part_de_femmes	28.94%	0.4212
Turquie	2022°	Parlementaires_de_moins_de_40_ans=_part_de_femmes	14.83%	0.7034
États-Unis	2022°	Parlementaires_de_moins_de_40_ans=_part_de_femmes	6.73%	0.8654
