Allemagne	2016°	Postes_de_direction_dans_les_administrations_nationales=_part_des_femmes	26.40%	0.472
Autriche	2016°	Postes_de_direction_dans_les_administrations_nationales=_part_des_femmes	36.70%	0.2659999999999999
Belgique	2016°	Postes_de_direction_dans_les_administrations_nationales=_part_des_femmes	16.90%	0.662
Bulgarie	2016°	Postes_de_direction_dans_les_administrations_nationales=_part_des_femmes	50.80%	0.016000000000000014
Croatie	2016°	Postes_de_direction_dans_les_administrations_nationales=_part_des_femmes	30.90%	0.382
Danemark	2016°	Postes_de_direction_dans_les_administrations_nationales=_part_des_femmes	23.50%	0.53
Espagne	2016°	Postes_de_direction_dans_les_administrations_nationales=_part_des_femmes	30.20%	0.396
Estonie	2016°	Postes_de_direction_dans_les_administrations_nationales=_part_des_femmes	45.70%	0.08599999999999997
Finlande	2016°	Postes_de_direction_dans_les_administrations_nationales=_part_des_femmes	48.90%	0.02200000000000002
France	2016°	Postes_de_direction_dans_les_administrations_nationales=_part_des_femmes	32.00%	0.36
Grèce	2016°	Postes_de_direction_dans_les_administrations_nationales=_part_des_femmes	51.40%	0.028000000000000025
Hongrie	2016°	Postes_de_direction_dans_les_administrations_nationales=_part_des_femmes	20.30%	0.594
Irlande	2016°	Postes_de_direction_dans_les_administrations_nationales=_part_des_femmes	26.90%	0.4620000000000001
Islande	2016°	Postes_de_direction_dans_les_administrations_nationales=_part_des_femmes	40.90%	0.18200000000000005
Italie	2016°	Postes_de_direction_dans_les_administrations_nationales=_part_des_femmes	30.30%	0.394
Lettonie	2016°	Postes_de_direction_dans_les_administrations_nationales=_part_des_femmes	53.30%	0.06599999999999984
Lituanie	2016°	Postes_de_direction_dans_les_administrations_nationales=_part_des_femmes	48.40%	0.03200000000000003
Luxembourg	2016°	Postes_de_direction_dans_les_administrations_nationales=_part_des_femmes	32.70%	0.346
Norvège	2016°	Postes_de_direction_dans_les_administrations_nationales=_part_des_femmes	33.60%	0.32799999999999996
Pays-Bas	2016°	Postes_de_direction_dans_les_administrations_nationales=_part_des_femmes	31.70%	0.366
Pologne	2016°	Postes_de_direction_dans_les_administrations_nationales=_part_des_femmes	46.30%	0.07400000000000007
Portugal	2016°	Postes_de_direction_dans_les_administrations_nationales=_part_des_femmes	41.80%	0.16400000000000003
Roumanie	2016°	Postes_de_direction_dans_les_administrations_nationales=_part_des_femmes	53.40%	0.06800000000000006
Royaume-Uni	2016°	Postes_de_direction_dans_les_administrations_nationales=_part_des_femmes	35.10%	0.29799999999999993
Seychelles	2016°	Postes_de_direction_dans_les_administrations_nationales=_part_des_femmes	30.30%	0.394
Slovaquie	2016°	Postes_de_direction_dans_les_administrations_nationales=_part_des_femmes	47.40%	0.052000000000000046
Slovénie	2016°	Postes_de_direction_dans_les_administrations_nationales=_part_des_femmes	56.90%	0.1379999999999999
Suède	2016°	Postes_de_direction_dans_les_administrations_nationales=_part_des_femmes	49.70%	0.005999999999999894
Turquie	2016°	Postes_de_direction_dans_les_administrations_nationales=_part_des_femmes	4.80%	0.904
Allemagne	2017°	Postes_de_direction_dans_les_administrations_nationales=_part_des_femmes	26.40%	0.472
Autriche	2017°	Postes_de_direction_dans_les_administrations_nationales=_part_des_femmes	37.30%	0.254
Belgique	2017°	Postes_de_direction_dans_les_administrations_nationales=_part_des_femmes	18.60%	0.6279999999999999
Bulgarie	2017°	Postes_de_direction_dans_les_administrations_nationales=_part_des_femmes	49.80%	0.0040000000000000036
Croatie	2017°	Postes_de_direction_dans_les_administrations_nationales=_part_des_femmes	56.40%	0.1279999999999999
Danemark	2017°	Postes_de_direction_dans_les_administrations_nationales=_part_des_femmes	24.70%	0.506
Espagne	2017°	Postes_de_direction_dans_les_administrations_nationales=_part_des_femmes	28.70%	0.42600000000000005
Estonie	2017°	Postes_de_direction_dans_les_administrations_nationales=_part_des_femmes	46.00%	0.07999999999999996
Finlande	2017°	Postes_de_direction_dans_les_administrations_nationales=_part_des_femmes	50.10%	0.0020000000000000018
France	2017°	Postes_de_direction_dans_les_administrations_nationales=_part_des_femmes	31.50%	0.37
Grèce	2017°	Postes_de_direction_dans_les_administrations_nationales=_part_des_femmes	51.40%	0.028000000000000025
Hongrie	2017°	Postes_de_direction_dans_les_administrations_nationales=_part_des_femmes	24.50%	0.51
Irlande	2017°	Postes_de_direction_dans_les_administrations_nationales=_part_des_femmes	30.00%	0.4
Islande	2017°	Postes_de_direction_dans_les_administrations_nationales=_part_des_femmes	38.90%	0.22199999999999998
Italie	2017°	Postes_de_direction_dans_les_administrations_nationales=_part_des_femmes	30.80%	0.384
Lettonie	2017°	Postes_de_direction_dans_les_administrations_nationales=_part_des_femmes	53.30%	0.06599999999999984
Lituanie	2017°	Postes_de_direction_dans_les_administrations_nationales=_part_des_femmes	50.50%	0.010000000000000009
Luxembourg	2017°	Postes_de_direction_dans_les_administrations_nationales=_part_des_femmes	35.10%	0.29799999999999993
Norvège	2017°	Postes_de_direction_dans_les_administrations_nationales=_part_des_femmes	33.60%	0.32799999999999996
Pays-Bas	2017°	Postes_de_direction_dans_les_administrations_nationales=_part_des_femmes	33.60%	0.32799999999999996
Pologne	2017°	Postes_de_direction_dans_les_administrations_nationales=_part_des_femmes	49.10%	0.018000000000000016
Portugal	2017°	Postes_de_direction_dans_les_administrations_nationales=_part_des_femmes	42.20%	0.15599999999999992
Roumanie	2017°	Postes_de_direction_dans_les_administrations_nationales=_part_des_femmes	51.90%	0.038000000000000034
Royaume-Uni	2017°	Postes_de_direction_dans_les_administrations_nationales=_part_des_femmes	36.40%	0.272
Seychelles	2017°	Postes_de_direction_dans_les_administrations_nationales=_part_des_femmes	30.90%	0.382
Slovaquie	2017°	Postes_de_direction_dans_les_administrations_nationales=_part_des_femmes	48.30%	0.03400000000000003
Slovénie	2017°	Postes_de_direction_dans_les_administrations_nationales=_part_des_femmes	57.00%	0.1399999999999999
Suède	2017°	Postes_de_direction_dans_les_administrations_nationales=_part_des_femmes	53.00%	0.06000000000000005
Turquie	2017°	Postes_de_direction_dans_les_administrations_nationales=_part_des_femmes	2.60%	0.948
Allemagne	2018°	Postes_de_direction_dans_les_administrations_nationales=_part_des_femmes	27.50%	0.44999999999999996
Autriche	2018°	Postes_de_direction_dans_les_administrations_nationales=_part_des_femmes	37.70%	0.246
Belgique	2018°	Postes_de_direction_dans_les_administrations_nationales=_part_des_femmes	19.40%	0.6120000000000001
Bulgarie	2018°	Postes_de_direction_dans_les_administrations_nationales=_part_des_femmes	51.70%	0.03400000000000003
Croatie	2018°	Postes_de_direction_dans_les_administrations_nationales=_part_des_femmes	54.00%	0.08000000000000007
Danemark	2018°	Postes_de_direction_dans_les_administrations_nationales=_part_des_femmes	23.70%	0.526
Espagne	2018°	Postes_de_direction_dans_les_administrations_nationales=_part_des_femmes	39.20%	0.21599999999999997
Estonie	2018°	Postes_de_direction_dans_les_administrations_nationales=_part_des_femmes	45.30%	0.09400000000000008
Finlande	2018°	Postes_de_direction_dans_les_administrations_nationales=_part_des_femmes	50.70%	0.014000000000000012
France	2018°	Postes_de_direction_dans_les_administrations_nationales=_part_des_femmes	29.80%	0.404
Grèce	2018°	Postes_de_direction_dans_les_administrations_nationales=_part_des_femmes	52.40%	0.04800000000000004
Hongrie	2018°	Postes_de_direction_dans_les_administrations_nationales=_part_des_femmes	18.40%	0.632
Irlande	2018°	Postes_de_direction_dans_les_administrations_nationales=_part_des_femmes	31.30%	0.374
Islande	2018°	Postes_de_direction_dans_les_administrations_nationales=_part_des_femmes	44.40%	0.11199999999999999
Italie	2018°	Postes_de_direction_dans_les_administrations_nationales=_part_des_femmes	36.20%	0.2759999999999999
Lettonie	2018°	Postes_de_direction_dans_les_administrations_nationales=_part_des_femmes	52.40%	0.04800000000000004
Lituanie	2018°	Postes_de_direction_dans_les_administrations_nationales=_part_des_femmes	47.20%	0.05599999999999994
Luxembourg	2018°	Postes_de_direction_dans_les_administrations_nationales=_part_des_femmes	31.40%	0.372
Norvège	2018°	Postes_de_direction_dans_les_administrations_nationales=_part_des_femmes	36.00%	0.28
Pays-Bas	2018°	Postes_de_direction_dans_les_administrations_nationales=_part_des_femmes	34.40%	0.31200000000000006
Pologne	2018°	Postes_de_direction_dans_les_administrations_nationales=_part_des_femmes	47.60%	0.04799999999999993
Portugal	2018°	Postes_de_direction_dans_les_administrations_nationales=_part_des_femmes	47.50%	0.050000000000000044
Roumanie	2018°	Postes_de_direction_dans_les_administrations_nationales=_part_des_femmes	49.60%	0.008000000000000007
Royaume-Uni	2018°	Postes_de_direction_dans_les_administrations_nationales=_part_des_femmes	36.90%	0.262
Seychelles	2018°	Postes_de_direction_dans_les_administrations_nationales=_part_des_femmes	31.60%	0.368
Slovaquie	2018°	Postes_de_direction_dans_les_administrations_nationales=_part_des_femmes	46.50%	0.06999999999999995
Slovénie	2018°	Postes_de_direction_dans_les_administrations_nationales=_part_des_femmes	56.10%	0.12200000000000011
Suède	2018°	Postes_de_direction_dans_les_administrations_nationales=_part_des_femmes	54.30%	0.08599999999999985
Turquie	2018°	Postes_de_direction_dans_les_administrations_nationales=_part_des_femmes	7.80%	0.844
Allemagne	2019°	Postes_de_direction_dans_les_administrations_nationales=_part_des_femmes	31.70%	0.366
Autriche	2019°	Postes_de_direction_dans_les_administrations_nationales=_part_des_femmes	39.70%	0.20599999999999996
Belgique	2019°	Postes_de_direction_dans_les_administrations_nationales=_part_des_femmes	21.40%	0.5720000000000001
Bulgarie	2019°	Postes_de_direction_dans_les_administrations_nationales=_part_des_femmes	54.10%	0.08200000000000007
Croatie	2019°	Postes_de_direction_dans_les_administrations_nationales=_part_des_femmes	54.70%	0.09400000000000008
Danemark	2019°	Postes_de_direction_dans_les_administrations_nationales=_part_des_femmes	30.20%	0.396
Espagne	2019°	Postes_de_direction_dans_les_administrations_nationales=_part_des_femmes	41.20%	0.17599999999999993
Estonie	2019°	Postes_de_direction_dans_les_administrations_nationales=_part_des_femmes	47.80%	0.04400000000000004
Finlande	2019°	Postes_de_direction_dans_les_administrations_nationales=_part_des_femmes	51.20%	0.02400000000000002
France	2019°	Postes_de_direction_dans_les_administrations_nationales=_part_des_femmes	28.60%	0.42799999999999994
Grèce	2019°	Postes_de_direction_dans_les_administrations_nationales=_part_des_femmes	52.40%	0.04800000000000004
Hongrie	2019°	Postes_de_direction_dans_les_administrations_nationales=_part_des_femmes	17.90%	0.642
Irlande	2019°	Postes_de_direction_dans_les_administrations_nationales=_part_des_femmes	32.30%	0.3540000000000001
Islande	2019°	Postes_de_direction_dans_les_administrations_nationales=_part_des_femmes	42.10%	0.15799999999999992
Italie	2019°	Postes_de_direction_dans_les_administrations_nationales=_part_des_femmes	37.90%	0.242
Lettonie	2019°	Postes_de_direction_dans_les_administrations_nationales=_part_des_femmes	51.70%	0.03400000000000003
Lituanie	2019°	Postes_de_direction_dans_les_administrations_nationales=_part_des_femmes	50.40%	0.008000000000000007
Luxembourg	2019°	Postes_de_direction_dans_les_administrations_nationales=_part_des_femmes	28.60%	0.42799999999999994
Norvège	2019°	Postes_de_direction_dans_les_administrations_nationales=_part_des_femmes	35.80%	0.28400000000000003
Pays-Bas	2019°	Postes_de_direction_dans_les_administrations_nationales=_part_des_femmes	37.30%	0.254
Pologne	2019°	Postes_de_direction_dans_les_administrations_nationales=_part_des_femmes	45.20%	0.09599999999999997
Portugal	2019°	Postes_de_direction_dans_les_administrations_nationales=_part_des_femmes	46.10%	0.07799999999999996
Roumanie	2019°	Postes_de_direction_dans_les_administrations_nationales=_part_des_femmes	53.50%	0.07000000000000006
Royaume-Uni	2019°	Postes_de_direction_dans_les_administrations_nationales=_part_des_femmes	36.40%	0.272
Seychelles	2019°	Postes_de_direction_dans_les_administrations_nationales=_part_des_femmes	29.70%	0.406
Slovaquie	2019°	Postes_de_direction_dans_les_administrations_nationales=_part_des_femmes	47.20%	0.05599999999999994
Slovénie	2019°	Postes_de_direction_dans_les_administrations_nationales=_part_des_femmes	57.40%	0.1479999999999999
Suède	2019°	Postes_de_direction_dans_les_administrations_nationales=_part_des_femmes	49.70%	0.005999999999999894
Turquie	2019°	Postes_de_direction_dans_les_administrations_nationales=_part_des_femmes	17.70%	0.646
Allemagne	2020°	Postes_de_direction_dans_les_administrations_nationales=_part_des_femmes	30.50%	0.39
Autriche	2020°	Postes_de_direction_dans_les_administrations_nationales=_part_des_femmes	39.00%	0.21999999999999997
Belgique	2020°	Postes_de_direction_dans_les_administrations_nationales=_part_des_femmes	22.40%	0.552
Bulgarie	2020°	Postes_de_direction_dans_les_administrations_nationales=_part_des_femmes	54.40%	0.08800000000000008
Croatie	2020°	Postes_de_direction_dans_les_administrations_nationales=_part_des_femmes	57.10%	0.14200000000000013
Danemark	2020°	Postes_de_direction_dans_les_administrations_nationales=_part_des_femmes	30.00%	0.4
Espagne	2020°	Postes_de_direction_dans_les_administrations_nationales=_part_des_femmes	42.90%	0.14200000000000002
Estonie	2020°	Postes_de_direction_dans_les_administrations_nationales=_part_des_femmes	49.50%	0.010000000000000009
Finlande	2020°	Postes_de_direction_dans_les_administrations_nationales=_part_des_femmes	55.50%	0.1100000000000001
France	2020°	Postes_de_direction_dans_les_administrations_nationales=_part_des_femmes	30.70%	0.386
Grèce	2020°	Postes_de_direction_dans_les_administrations_nationales=_part_des_femmes	53.80%	0.07599999999999985
Hongrie	2020°	Postes_de_direction_dans_les_administrations_nationales=_part_des_femmes	18.30%	0.634
Irlande	2020°	Postes_de_direction_dans_les_administrations_nationales=_part_des_femmes	33.10%	0.33799999999999997
Islande	2020°	Postes_de_direction_dans_les_administrations_nationales=_part_des_femmes	42.10%	0.15799999999999992
Italie	2020°	Postes_de_direction_dans_les_administrations_nationales=_part_des_femmes	37.90%	0.242
Lettonie	2020°	Postes_de_direction_dans_les_administrations_nationales=_part_des_femmes	54.10%	0.08200000000000007
Lituanie	2020°	Postes_de_direction_dans_les_administrations_nationales=_part_des_femmes	48.80%	0.02400000000000002
Luxembourg	2020°	Postes_de_direction_dans_les_administrations_nationales=_part_des_femmes	25.80%	0.484
Norvège	2020°	Postes_de_direction_dans_les_administrations_nationales=_part_des_femmes	34.70%	0.30599999999999994
Pays-Bas	2020°	Postes_de_direction_dans_les_administrations_nationales=_part_des_femmes	38.30%	0.2340000000000001
Pologne	2020°	Postes_de_direction_dans_les_administrations_nationales=_part_des_femmes	45.20%	0.09599999999999997
Portugal	2020°	Postes_de_direction_dans_les_administrations_nationales=_part_des_femmes	50.50%	0.010000000000000009
Roumanie	2020°	Postes_de_direction_dans_les_administrations_nationales=_part_des_femmes	54.30%	0.08599999999999985
Royaume-Uni	2020°	Postes_de_direction_dans_les_administrations_nationales=_part_des_femmes	34.80%	0.30400000000000005
Seychelles	2020°	Postes_de_direction_dans_les_administrations_nationales=_part_des_femmes	31.70%	0.366
Slovaquie	2020°	Postes_de_direction_dans_les_administrations_nationales=_part_des_femmes	47.20%	0.05599999999999994
Slovénie	2020°	Postes_de_direction_dans_les_administrations_nationales=_part_des_femmes	57.30%	0.1459999999999999
Suède	2020°	Postes_de_direction_dans_les_administrations_nationales=_part_des_femmes	49.70%	0.005999999999999894
Turquie	2020°	Postes_de_direction_dans_les_administrations_nationales=_part_des_femmes	17.70%	0.646
Allemagne	2021°	Postes_de_direction_dans_les_administrations_nationales=_part_des_femmes	30.20%	0.396
Autriche	2021°	Postes_de_direction_dans_les_administrations_nationales=_part_des_femmes	40.50%	0.18999999999999995
Belgique	2021°	Postes_de_direction_dans_les_administrations_nationales=_part_des_femmes	25.30%	0.494
Bulgarie	2021°	Postes_de_direction_dans_les_administrations_nationales=_part_des_femmes	59.50%	0.18999999999999995
Croatie	2021°	Postes_de_direction_dans_les_administrations_nationales=_part_des_femmes	57.60%	0.15200000000000014
Danemark	2021°	Postes_de_direction_dans_les_administrations_nationales=_part_des_femmes	26.40%	0.472
Espagne	2021°	Postes_de_direction_dans_les_administrations_nationales=_part_des_femmes	43.10%	0.138
Estonie	2021°	Postes_de_direction_dans_les_administrations_nationales=_part_des_femmes	48.50%	0.030000000000000027
Finlande	2021°	Postes_de_direction_dans_les_administrations_nationales=_part_des_femmes	56.30%	0.1259999999999999
France	2021°	Postes_de_direction_dans_les_administrations_nationales=_part_des_femmes	31.10%	0.378
Grèce	2021°	Postes_de_direction_dans_les_administrations_nationales=_part_des_femmes	56.40%	0.1279999999999999
Hongrie	2021°	Postes_de_direction_dans_les_administrations_nationales=_part_des_femmes	18.70%	0.626
Irlande	2021°	Postes_de_direction_dans_les_administrations_nationales=_part_des_femmes	33.30%	0.3340000000000001
Islande	2021°	Postes_de_direction_dans_les_administrations_nationales=_part_des_femmes	50.00%	0.0
Italie	2021°	Postes_de_direction_dans_les_administrations_nationales=_part_des_femmes	32.10%	0.358
Lettonie	2021°	Postes_de_direction_dans_les_administrations_nationales=_part_des_femmes	55.00%	0.10000000000000009
Lituanie	2021°	Postes_de_direction_dans_les_administrations_nationales=_part_des_femmes	52.20%	0.04400000000000004
Luxembourg	2021°	Postes_de_direction_dans_les_administrations_nationales=_part_des_femmes	28.10%	0.43799999999999994
Norvège	2021°	Postes_de_direction_dans_les_administrations_nationales=_part_des_femmes	39.70%	0.20599999999999996
Pays-Bas	2021°	Postes_de_direction_dans_les_administrations_nationales=_part_des_femmes	39.90%	0.20200000000000007
Pologne	2021°	Postes_de_direction_dans_les_administrations_nationales=_part_des_femmes	45.20%	0.09599999999999997
Portugal	2021°	Postes_de_direction_dans_les_administrations_nationales=_part_des_femmes	50.80%	0.016000000000000014
Roumanie	2021°	Postes_de_direction_dans_les_administrations_nationales=_part_des_femmes	53.90%	0.07800000000000007
Royaume-Uni	2021°	Postes_de_direction_dans_les_administrations_nationales=_part_des_femmes	34.80%	0.30400000000000005
Seychelles	2021°	Postes_de_direction_dans_les_administrations_nationales=_part_des_femmes	28.30%	0.43399999999999994
Slovaquie	2021°	Postes_de_direction_dans_les_administrations_nationales=_part_des_femmes	49.80%	0.0040000000000000036
Slovénie	2021°	Postes_de_direction_dans_les_administrations_nationales=_part_des_femmes	57.10%	0.14200000000000013
Suède	2021°	Postes_de_direction_dans_les_administrations_nationales=_part_des_femmes	48.90%	0.02200000000000002
Turquie	2021°	Postes_de_direction_dans_les_administrations_nationales=_part_des_femmes	17.70%	0.646
Allemagne	2022°	Postes_de_direction_dans_les_administrations_nationales=_part_des_femmes	30.90%	0.382
Autriche	2022°	Postes_de_direction_dans_les_administrations_nationales=_part_des_femmes	41.80%	0.16400000000000003
Belgique	2022°	Postes_de_direction_dans_les_administrations_nationales=_part_des_femmes	25.70%	0.486
Bulgarie	2022°	Postes_de_direction_dans_les_administrations_nationales=_part_des_femmes	55.50%	0.1100000000000001
Croatie	2022°	Postes_de_direction_dans_les_administrations_nationales=_part_des_femmes	59.20%	0.18400000000000016
Danemark	2022°	Postes_de_direction_dans_les_administrations_nationales=_part_des_femmes	30.30%	0.394
Espagne	2022°	Postes_de_direction_dans_les_administrations_nationales=_part_des_femmes	48.50%	0.030000000000000027
Estonie	2022°	Postes_de_direction_dans_les_administrations_nationales=_part_des_femmes	51.70%	0.03400000000000003
Finlande	2022°	Postes_de_direction_dans_les_administrations_nationales=_part_des_femmes	52.30%	0.04600000000000004
France	2022°	Postes_de_direction_dans_les_administrations_nationales=_part_des_femmes	31.10%	0.378
Grèce	2022°	Postes_de_direction_dans_les_administrations_nationales=_part_des_femmes	57.90%	0.15799999999999992
Hongrie	2022°	Postes_de_direction_dans_les_administrations_nationales=_part_des_femmes	21.30%	0.5740000000000001
Irlande	2022°	Postes_de_direction_dans_les_administrations_nationales=_part_des_femmes	39.70%	0.20599999999999996
Islande	2022°	Postes_de_direction_dans_les_administrations_nationales=_part_des_femmes	47.60%	0.04799999999999993
Italie	2022°	Postes_de_direction_dans_les_administrations_nationales=_part_des_femmes	35.50%	0.29000000000000004
Lettonie	2022°	Postes_de_direction_dans_les_administrations_nationales=_part_des_femmes	51.60%	0.03200000000000003
Lituanie	2022°	Postes_de_direction_dans_les_administrations_nationales=_part_des_femmes	53.70%	0.07400000000000007
Luxembourg	2022°	Postes_de_direction_dans_les_administrations_nationales=_part_des_femmes	23.30%	0.534
Norvège	2022°	Postes_de_direction_dans_les_administrations_nationales=_part_des_femmes	41.40%	0.17200000000000004
Pays-Bas	2022°	Postes_de_direction_dans_les_administrations_nationales=_part_des_femmes	41.40%	0.17200000000000004
Pologne	2022°	Postes_de_direction_dans_les_administrations_nationales=_part_des_femmes	44.00%	0.12
Portugal	2022°	Postes_de_direction_dans_les_administrations_nationales=_part_des_femmes	53.30%	0.06599999999999984
Roumanie	2022°	Postes_de_direction_dans_les_administrations_nationales=_part_des_femmes	50.20%	0.0040000000000000036
Royaume-Uni	2022°	Postes_de_direction_dans_les_administrations_nationales=_part_des_femmes	34.80%	0.30400000000000005
Seychelles	2022°	Postes_de_direction_dans_les_administrations_nationales=_part_des_femmes	29.00%	0.42000000000000004
Slovaquie	2022°	Postes_de_direction_dans_les_administrations_nationales=_part_des_femmes	47.00%	0.06000000000000005
Slovénie	2022°	Postes_de_direction_dans_les_administrations_nationales=_part_des_femmes	60.10%	0.20199999999999996
Suède	2022°	Postes_de_direction_dans_les_administrations_nationales=_part_des_femmes	51.70%	0.03400000000000003
Turquie	2022°	Postes_de_direction_dans_les_administrations_nationales=_part_des_femmes	17.60%	0.6479999999999999
