Afghanistan	2023°	Détention_de_comptes_bancaires=_part_des_femmes_par_rapport_à_celle_des_hommes	-10.1_p%	0.10100000000000002
Afrique_du_Sud	2023°	Détention_de_comptes_bancaires=_part_des_femmes_par_rapport_à_celle_des_hommes	+1.6_p%	0.016000000000000084
Albanie	2023°	Détention_de_comptes_bancaires=_part_des_femmes_par_rapport_à_celle_des_hommes	+3.1_p%	0.031000000000000014
Algérie	2023°	Détention_de_comptes_bancaires=_part_des_femmes_par_rapport_à_celle_des_hommes	-25.6_p%	0.256
Allemagne	2023°	Détention_de_comptes_bancaires=_part_des_femmes_par_rapport_à_celle_des_hommes	+0.0_p%	0.0
Angola	2023°	Détention_de_comptes_bancaires=_part_des_femmes_par_rapport_à_celle_des_hommes	-13.8_p%	0.138
Arabie_Saoudite	2023°	Détention_de_comptes_bancaires=_part_des_femmes_par_rapport_à_celle_des_hommes	-18.2_p%	0.18200000000000002
Argentine	2023°	Détention_de_comptes_bancaires=_part_des_femmes_par_rapport_à_celle_des_hommes	+0.9_p%	0.008999999999999914
Arménie	2023°	Détention_de_comptes_bancaires=_part_des_femmes_par_rapport_à_celle_des_hommes	-7.1_p%	0.07100000000000001
Australie	2023°	Détention_de_comptes_bancaires=_part_des_femmes_par_rapport_à_celle_des_hommes	+1.4_p%	0.014000000000000058
Autriche	2023°	Détention_de_comptes_bancaires=_part_des_femmes_par_rapport_à_celle_des_hommes	+0.1_p%	0.0009999999999999432
Azerbaïdjan	2023°	Détention_de_comptes_bancaires=_part_des_femmes_par_rapport_à_celle_des_hommes	-1.7_p%	0.016999999999999994
Bahrain	2023°	Détention_de_comptes_bancaires=_part_des_femmes_par_rapport_à_celle_des_hommes	-10.9_p%	0.10899999999999992
Bangladesh	2023°	Détention_de_comptes_bancaires=_part_des_femmes_par_rapport_à_celle_des_hommes	-14.7_p%	0.14699999999999996
Belgique	2023°	Détention_de_comptes_bancaires=_part_des_femmes_par_rapport_à_celle_des_hommes	-0.7_p%	0.007000000000000029
Bhoutan	2023°	Détention_de_comptes_bancaires=_part_des_femmes_par_rapport_à_celle_des_hommes	-11.3_p%	0.113
Birmanie	2023°	Détention_de_comptes_bancaires=_part_des_femmes_par_rapport_à_celle_des_hommes	-2.6_p%	0.026000000000000013
Bolivie	2023°	Détention_de_comptes_bancaires=_part_des_femmes_par_rapport_à_celle_des_hommes	-10.3_p%	0.10300000000000004
Bosnie-Herzégovine	2023°	Détention_de_comptes_bancaires=_part_des_femmes_par_rapport_à_celle_des_hommes	-18.3_p%	0.18299999999999997
Botswana	2023°	Détention_de_comptes_bancaires=_part_des_femmes_par_rapport_à_celle_des_hommes	-8.3_p%	0.08299999999999998
Brésil	2023°	Détention_de_comptes_bancaires=_part_des_femmes_par_rapport_à_celle_des_hommes	-5.9_p%	0.05900000000000006
Bulgarie	2023°	Détention_de_comptes_bancaires=_part_des_femmes_par_rapport_à_celle_des_hommes	+0.7_p%	0.007000000000000029
Burkina_Faso	2023°	Détention_de_comptes_bancaires=_part_des_femmes_par_rapport_à_celle_des_hommes	-8.7_p%	0.087
Burundi	2023°	Détention_de_comptes_bancaires=_part_des_femmes_par_rapport_à_celle_des_hommes	-0.8_p%	0.007999999999999998
Bélize	2023°	Détention_de_comptes_bancaires=_part_des_femmes_par_rapport_à_celle_des_hommes	+8.2_p%	0.08199999999999996
Bénin	2023°	Détention_de_comptes_bancaires=_part_des_femmes_par_rapport_à_celle_des_hommes	-13.1_p%	0.131
Cambodge	2023°	Détention_de_comptes_bancaires=_part_des_femmes_par_rapport_à_celle_des_hommes	-2.8_p%	0.028000000000000008
Cameroun	2023°	Détention_de_comptes_bancaires=_part_des_femmes_par_rapport_à_celle_des_hommes	-6.6_p%	0.06599999999999998
Canada	2023°	Détention_de_comptes_bancaires=_part_des_femmes_par_rapport_à_celle_des_hommes	-0.3_p%	0.0029999999999999714
Chili	2023°	Détention_de_comptes_bancaires=_part_des_femmes_par_rapport_à_celle_des_hommes	-1.0_p%	0.01
Chine	2023°	Détention_de_comptes_bancaires=_part_des_femmes_par_rapport_à_celle_des_hommes	-2.6_p%	0.026000000000000086
Chypre	2023°	Détention_de_comptes_bancaires=_part_des_femmes_par_rapport_à_celle_des_hommes	-0.9_p%	0.008999999999999914
Colombie	2023°	Détention_de_comptes_bancaires=_part_des_femmes_par_rapport_à_celle_des_hommes	-8.8_p%	0.08799999999999997
Comores	2023°	Détention_de_comptes_bancaires=_part_des_femmes_par_rapport_à_celle_des_hommes	-7.8_p%	0.07800000000000001
Congo	2023°	Détention_de_comptes_bancaires=_part_des_femmes_par_rapport_à_celle_des_hommes	-3.3_p%	0.03300000000000001
Corée	2023°	Détention_de_comptes_bancaires=_part_des_femmes_par_rapport_à_celle_des_hommes	+0.0_p%	0.0
Costa_Rica	2023°	Détention_de_comptes_bancaires=_part_des_femmes_par_rapport_à_celle_des_hommes	-15.2_p%	0.15199999999999997
Croatie	2023°	Détention_de_comptes_bancaires=_part_des_femmes_par_rapport_à_celle_des_hommes	-3.9_p%	0.039000000000000055
Côte_d*Ivoire	2023°	Détention_de_comptes_bancaires=_part_des_femmes_par_rapport_à_celle_des_hommes	-13.5_p%	0.135
Danemark	2023°	Détention_de_comptes_bancaires=_part_des_femmes_par_rapport_à_celle_des_hommes	+0.0_p%	0.0
Djibouti	2023°	Détention_de_comptes_bancaires=_part_des_femmes_par_rapport_à_celle_des_hommes	-7.8_p%	0.07800000000000001
El_Salvador	2023°	Détention_de_comptes_bancaires=_part_des_femmes_par_rapport_à_celle_des_hommes	-17.7_p%	0.177
Espagne	2023°	Détention_de_comptes_bancaires=_part_des_femmes_par_rapport_à_celle_des_hommes	-1.6_p%	0.015999999999999945
Estonie	2023°	Détention_de_comptes_bancaires=_part_des_femmes_par_rapport_à_celle_des_hommes	+0.5_p%	0.005
Finlande	2023°	Détention_de_comptes_bancaires=_part_des_femmes_par_rapport_à_celle_des_hommes	-0.9_p%	0.009000000000000057
France	2023°	Détention_de_comptes_bancaires=_part_des_femmes_par_rapport_à_celle_des_hommes	+1.6_p%	0.015999999999999945
Gabon	2023°	Détention_de_comptes_bancaires=_part_des_femmes_par_rapport_à_celle_des_hommes	-15.0_p%	0.15
Gambie	2023°	Détention_de_comptes_bancaires=_part_des_femmes_par_rapport_à_celle_des_hommes	-7.9_p%	0.07900000000000001
Ghana	2023°	Détention_de_comptes_bancaires=_part_des_femmes_par_rapport_à_celle_des_hommes	-15.8_p%	0.15799999999999997
Grèce	2023°	Détention_de_comptes_bancaires=_part_des_femmes_par_rapport_à_celle_des_hommes	-2.9_p%	0.028999999999999915
Guatemala	2023°	Détention_de_comptes_bancaires=_part_des_femmes_par_rapport_à_celle_des_hommes	-5.4_p%	0.053999999999999986
Guinée	2023°	Détention_de_comptes_bancaires=_part_des_femmes_par_rapport_à_celle_des_hommes	-6.0_p%	0.06
Géorgie	2023°	Détention_de_comptes_bancaires=_part_des_femmes_par_rapport_à_celle_des_hommes	+0.4_p%	0.0040000000000000565
Haïti	2023°	Détention_de_comptes_bancaires=_part_des_femmes_par_rapport_à_celle_des_hommes	-2.2_p%	0.021999999999999992
Honduras	2023°	Détention_de_comptes_bancaires=_part_des_femmes_par_rapport_à_celle_des_hommes	-16.4_p%	0.16399999999999998
Hong_Kong	2023°	Détention_de_comptes_bancaires=_part_des_femmes_par_rapport_à_celle_des_hommes	+0.9_p%	0.009000000000000057
Hongrie	2023°	Détention_de_comptes_bancaires=_part_des_femmes_par_rapport_à_celle_des_hommes	-2.8_p%	0.027999999999999973
Inde	2023°	Détention_de_comptes_bancaires=_part_des_femmes_par_rapport_à_celle_des_hommes	+0.4_p%	0.0040000000000000565
Indonésie	2023°	Détention_de_comptes_bancaires=_part_des_femmes_par_rapport_à_celle_des_hommes	+2.4_p%	0.024000000000000056
Irak	2023°	Détention_de_comptes_bancaires=_part_des_femmes_par_rapport_à_celle_des_hommes	-4.3_p%	0.04299999999999999
Iran	2023°	Détention_de_comptes_bancaires=_part_des_femmes_par_rapport_à_celle_des_hommes	-10.5_p%	0.105
Irlande	2023°	Détention_de_comptes_bancaires=_part_des_femmes_par_rapport_à_celle_des_hommes	-0.3_p%	0.0029999999999999714
Islande	2023°	Détention_de_comptes_bancaires=_part_des_femmes_par_rapport_à_celle_des_hommes	+0.0_p%	0.0
Israël	2023°	Détention_de_comptes_bancaires=_part_des_femmes_par_rapport_à_celle_des_hommes	-2.1_p%	0.020999999999999942
Italie	2023°	Détention_de_comptes_bancaires=_part_des_femmes_par_rapport_à_celle_des_hommes	-0.4_p%	0.0040000000000000565
Jamaïque	2023°	Détention_de_comptes_bancaires=_part_des_femmes_par_rapport_à_celle_des_hommes	-2.2_p%	0.02200000000000003
Japon	2023°	Détention_de_comptes_bancaires=_part_des_femmes_par_rapport_à_celle_des_hommes	+0.7_p%	0.007000000000000029
Jordanie	2023°	Détention_de_comptes_bancaires=_part_des_femmes_par_rapport_à_celle_des_hommes	-21.4_p%	0.214
Kazakhstan	2023°	Détention_de_comptes_bancaires=_part_des_femmes_par_rapport_à_celle_des_hommes	+5.3_p%	0.05299999999999997
Kenya	2023°	Détention_de_comptes_bancaires=_part_des_femmes_par_rapport_à_celle_des_hommes	-11.9_p%	0.11900000000000005
Kirghizistan	2023°	Détention_de_comptes_bancaires=_part_des_femmes_par_rapport_à_celle_des_hommes	-3.3_p%	0.03300000000000004
Kosovo	2023°	Détention_de_comptes_bancaires=_part_des_femmes_par_rapport_à_celle_des_hommes	-21.5_p%	0.21500000000000008
Koweït	2023°	Détention_de_comptes_bancaires=_part_des_femmes_par_rapport_à_celle_des_hommes	-9.8_p%	0.09799999999999998
Laos	2023°	Détention_de_comptes_bancaires=_part_des_femmes_par_rapport_à_celle_des_hommes	+1.1_p%	0.011000000000000015
Lesotho	2023°	Détention_de_comptes_bancaires=_part_des_femmes_par_rapport_à_celle_des_hommes	-0.7_p%	0.007000000000000029
Lettonie	2023°	Détention_de_comptes_bancaires=_part_des_femmes_par_rapport_à_celle_des_hommes	+2.1_p%	0.020999999999999942
Liban	2023°	Détention_de_comptes_bancaires=_part_des_femmes_par_rapport_à_celle_des_hommes	-8.1_p%	0.08099999999999997
Libye	2023°	Détention_de_comptes_bancaires=_part_des_femmes_par_rapport_à_celle_des_hommes	-11.1_p%	0.11100000000000002
Libéria	2023°	Détention_de_comptes_bancaires=_part_des_femmes_par_rapport_à_celle_des_hommes	-19.1_p%	0.19099999999999998
Lituanie	2023°	Détention_de_comptes_bancaires=_part_des_femmes_par_rapport_à_celle_des_hommes	-6.6_p%	0.06599999999999995
Luxembourg	2023°	Détention_de_comptes_bancaires=_part_des_femmes_par_rapport_à_celle_des_hommes	-1.1_p%	0.010999999999999944
Macédoine_du_Nord	2023°	Détention_de_comptes_bancaires=_part_des_femmes_par_rapport_à_celle_des_hommes	-10.7_p%	0.10699999999999989
Madagascar	2023°	Détention_de_comptes_bancaires=_part_des_femmes_par_rapport_à_celle_des_hommes	-3.1_p%	0.030999999999999996
Malaisie	2023°	Détention_de_comptes_bancaires=_part_des_femmes_par_rapport_à_celle_des_hommes	-1.3_p%	0.012999999999999972
Malawi	2023°	Détention_de_comptes_bancaires=_part_des_femmes_par_rapport_à_celle_des_hommes	-7.0_p%	0.07
Maldives	2023°	Détention_de_comptes_bancaires=_part_des_femmes_par_rapport_à_celle_des_hommes	-11.1_p%	0.11099999999999995
Mali	2023°	Détention_de_comptes_bancaires=_part_des_femmes_par_rapport_à_celle_des_hommes	-0.3_p%	0.003000000000000007
Malte	2023°	Détention_de_comptes_bancaires=_part_des_femmes_par_rapport_à_celle_des_hommes	-2.3_p%	0.022999999999999972
Maroc	2023°	Détention_de_comptes_bancaires=_part_des_femmes_par_rapport_à_celle_des_hommes	-21.6_p%	0.21600000000000003
Maurice	2023°	Détention_de_comptes_bancaires=_part_des_femmes_par_rapport_à_celle_des_hommes	-1.4_p%	0.014000000000000058
Mauritanie	2023°	Détention_de_comptes_bancaires=_part_des_femmes_par_rapport_à_celle_des_hommes	-10.9_p%	0.109
Mexique	2023°	Détention_de_comptes_bancaires=_part_des_femmes_par_rapport_à_celle_des_hommes	-5.9_p%	0.05899999999999998
Moldavie	2023°	Détention_de_comptes_bancaires=_part_des_femmes_par_rapport_à_celle_des_hommes	-2.8_p%	0.028000000000000042
Mongolie	2023°	Détention_de_comptes_bancaires=_part_des_femmes_par_rapport_à_celle_des_hommes	+1.7_p%	0.01700000000000003
Montenegro	2023°	Détention_de_comptes_bancaires=_part_des_femmes_par_rapport_à_celle_des_hommes	-1.6_p%	0.016000000000000084
Mozambique	2023°	Détention_de_comptes_bancaires=_part_des_femmes_par_rapport_à_celle_des_hommes	-16.2_p%	0.162
Namibie	2023°	Détention_de_comptes_bancaires=_part_des_femmes_par_rapport_à_celle_des_hommes	-6.8_p%	0.06800000000000005
Nicaragua	2023°	Détention_de_comptes_bancaires=_part_des_femmes_par_rapport_à_celle_des_hommes	-10.1_p%	0.10100000000000002
Niger	2023°	Détention_de_comptes_bancaires=_part_des_femmes_par_rapport_à_celle_des_hommes	-3.6_p%	0.036000000000000004
Nigéria	2023°	Détention_de_comptes_bancaires=_part_des_femmes_par_rapport_à_celle_des_hommes	-20.5_p%	0.205
Norvège	2023°	Détention_de_comptes_bancaires=_part_des_femmes_par_rapport_à_celle_des_hommes	+1.0_p%	0.01
Nouvelle-Zélande	2023°	Détention_de_comptes_bancaires=_part_des_femmes_par_rapport_à_celle_des_hommes	+1.0_p%	0.01
Népal	2023°	Détention_de_comptes_bancaires=_part_des_femmes_par_rapport_à_celle_des_hommes	-6.6_p%	0.06599999999999995
OCDE_-_Total	2023°	Détention_de_comptes_bancaires=_part_des_femmes_par_rapport_à_celle_des_hommes	-1.4_p%	0.013999999999999915
Oman	2023°	Détention_de_comptes_bancaires=_part_des_femmes_par_rapport_à_celle_des_hommes	-20.2_p%	0.20200000000000004
Ouganda	2023°	Détention_de_comptes_bancaires=_part_des_femmes_par_rapport_à_celle_des_hommes	-2.7_p%	0.027000000000000027
Ouzbékistan	2023°	Détention_de_comptes_bancaires=_part_des_femmes_par_rapport_à_celle_des_hommes	-11.4_p%	0.11400000000000006
Pakistan	2023°	Détention_de_comptes_bancaires=_part_des_femmes_par_rapport_à_celle_des_hommes	-9.4_p%	0.09399999999999999
Palestine	2023°	Détention_de_comptes_bancaires=_part_des_femmes_par_rapport_à_celle_des_hommes	-15.4_p%	0.154
Panama	2023°	Détention_de_comptes_bancaires=_part_des_femmes_par_rapport_à_celle_des_hommes	-3.8_p%	0.03799999999999997
Paraguay	2023°	Détention_de_comptes_bancaires=_part_des_femmes_par_rapport_à_celle_des_hommes	+4.8_p%	0.04800000000000001
Pays-Bas	2023°	Détention_de_comptes_bancaires=_part_des_femmes_par_rapport_à_celle_des_hommes	-0.5_p%	0.005
Philippines	2023°	Détention_de_comptes_bancaires=_part_des_femmes_par_rapport_à_celle_des_hommes	-10.5_p%	0.105
Pologne	2023°	Détention_de_comptes_bancaires=_part_des_femmes_par_rapport_à_celle_des_hommes	-0.1_p%	0.0009999999999999432
Portugal	2023°	Détention_de_comptes_bancaires=_part_des_femmes_par_rapport_à_celle_des_hommes	-5.2_p%	0.052000000000000025
Pérou	2023°	Détention_de_comptes_bancaires=_part_des_femmes_par_rapport_à_celle_des_hommes	-10.1_p%	0.10100000000000002
Qatar	2023°	Détention_de_comptes_bancaires=_part_des_femmes_par_rapport_à_celle_des_hommes	-7.0_p%	0.06999999999999992
Roumanie	2023°	Détention_de_comptes_bancaires=_part_des_femmes_par_rapport_à_celle_des_hommes	-7.0_p%	0.07
Royaume-Uni	2023°	Détention_de_comptes_bancaires=_part_des_femmes_par_rapport_à_celle_des_hommes	+0.3_p%	0.0030000000000001137
Rwanda	2023°	Détention_de_comptes_bancaires=_part_des_femmes_par_rapport_à_celle_des_hommes	-7.4_p%	0.07399999999999998
République_Centrafricaine	2023°	Détention_de_comptes_bancaires=_part_des_femmes_par_rapport_à_celle_des_hommes	-8.4_p%	0.08400000000000002
République_Dominicaine	2023°	Détention_de_comptes_bancaires=_part_des_femmes_par_rapport_à_celle_des_hommes	-4.1_p%	0.041000000000000016
République_démocratique_du_Congo	2023°	Détention_de_comptes_bancaires=_part_des_femmes_par_rapport_à_celle_des_hommes	-1.2_p%	0.011999999999999993
Serbie	2023°	Détention_de_comptes_bancaires=_part_des_femmes_par_rapport_à_celle_des_hommes	+0.8_p%	0.007999999999999972
Seychelles	2023°	Détention_de_comptes_bancaires=_part_des_femmes_par_rapport_à_celle_des_hommes	-3.1_p%	0.030999999999999944
Sierra_Leone	2023°	Détention_de_comptes_bancaires=_part_des_femmes_par_rapport_à_celle_des_hommes	-6.9_p%	0.06899999999999999
Singapour	2023°	Détention_de_comptes_bancaires=_part_des_femmes_par_rapport_à_celle_des_hommes	-0.6_p%	0.005999999999999943
Slovaquie	2023°	Détention_de_comptes_bancaires=_part_des_femmes_par_rapport_à_celle_des_hommes	-3.4_p%	0.03400000000000006
Slovénie	2023°	Détention_de_comptes_bancaires=_part_des_femmes_par_rapport_à_celle_des_hommes	-1.8_p%	0.01799999999999997
Somalie	2023°	Détention_de_comptes_bancaires=_part_des_femmes_par_rapport_à_celle_des_hommes	-3.6_p%	0.036
Soudan_du_Sud	2023°	Détention_de_comptes_bancaires=_part_des_femmes_par_rapport_à_celle_des_hommes	-3.1_p%	0.030999999999999996
Sri_Lanka	2023°	Détention_de_comptes_bancaires=_part_des_femmes_par_rapport_à_celle_des_hommes	+0.6_p%	0.006000000000000085
Sudan	2023°	Détention_de_comptes_bancaires=_part_des_femmes_par_rapport_à_celle_des_hommes	-10.2_p%	0.102
Suisse	2023°	Détention_de_comptes_bancaires=_part_des_femmes_par_rapport_à_celle_des_hommes	-1.0_p%	0.01
Suède	2023°	Détention_de_comptes_bancaires=_part_des_femmes_par_rapport_à_celle_des_hommes	+0.6_p%	0.005999999999999943
Syrie	2023°	Détention_de_comptes_bancaires=_part_des_femmes_par_rapport_à_celle_des_hommes	-7.2_p%	0.072
Sénégal	2023°	Détention_de_comptes_bancaires=_part_des_femmes_par_rapport_à_celle_des_hommes	-8.2_p%	0.08199999999999999
Tadjikistan	2023°	Détention_de_comptes_bancaires=_part_des_femmes_par_rapport_à_celle_des_hommes	+1.0_p%	0.01
Taiwan	2023°	Détention_de_comptes_bancaires=_part_des_femmes_par_rapport_à_celle_des_hommes	-2.2_p%	0.02200000000000003
Tanzanie	2023°	Détention_de_comptes_bancaires=_part_des_femmes_par_rapport_à_celle_des_hommes	-15.8_p%	0.158
Tchad	2023°	Détention_de_comptes_bancaires=_part_des_femmes_par_rapport_à_celle_des_hommes	-7.5_p%	0.075
Thaïlande	2023°	Détention_de_comptes_bancaires=_part_des_femmes_par_rapport_à_celle_des_hommes	-4.2_p%	0.04200000000000003
Timor_Oriental	2023°	Détention_de_comptes_bancaires=_part_des_femmes_par_rapport_à_celle_des_hommes	+8.0_p%	0.08
Togo	2023°	Détention_de_comptes_bancaires=_part_des_femmes_par_rapport_à_celle_des_hommes	-7.0_p%	0.07
Trinité-et-Tobago	2023°	Détention_de_comptes_bancaires=_part_des_femmes_par_rapport_à_celle_des_hommes	-14.6_p%	0.14600000000000007
Tunisie	2023°	Détention_de_comptes_bancaires=_part_des_femmes_par_rapport_à_celle_des_hommes	-14.5_p%	0.145
Turkménistan	2023°	Détention_de_comptes_bancaires=_part_des_femmes_par_rapport_à_celle_des_hommes	-10.2_p%	0.10200000000000004
Turquie	2023°	Détention_de_comptes_bancaires=_part_des_femmes_par_rapport_à_celle_des_hommes	-23.0_p%	0.23
Ukraine	2023°	Détention_de_comptes_bancaires=_part_des_femmes_par_rapport_à_celle_des_hommes	-6.4_p%	0.06399999999999992
Uruguay	2023°	Détention_de_comptes_bancaires=_part_des_femmes_par_rapport_à_celle_des_hommes	+3.3_p%	0.032999999999999974
Venezuela	2023°	Détention_de_comptes_bancaires=_part_des_femmes_par_rapport_à_celle_des_hommes	-9.0_p%	0.09
Viêt_Nam	2023°	Détention_de_comptes_bancaires=_part_des_femmes_par_rapport_à_celle_des_hommes	-1.1_p%	0.011000000000000015
Yémen	2023°	Détention_de_comptes_bancaires=_part_des_femmes_par_rapport_à_celle_des_hommes	-9.7_p%	0.09700000000000002
Zambie	2023°	Détention_de_comptes_bancaires=_part_des_femmes_par_rapport_à_celle_des_hommes	-5.2_p%	0.052000000000000025
Zimbabwe	2023°	Détention_de_comptes_bancaires=_part_des_femmes_par_rapport_à_celle_des_hommes	-11.0_p%	0.11
Égypte	2023°	Détention_de_comptes_bancaires=_part_des_femmes_par_rapport_à_celle_des_hommes	-6.1_p%	0.06100000000000001
Émirats_Arabes_Unis	2023°	Détention_de_comptes_bancaires=_part_des_femmes_par_rapport_à_celle_des_hommes	+1.8_p%	0.018000000000000113
Équateur	2023°	Détention_de_comptes_bancaires=_part_des_femmes_par_rapport_à_celle_des_hommes	-12.7_p%	0.12699999999999995
États-Unis	2023°	Détention_de_comptes_bancaires=_part_des_femmes_par_rapport_à_celle_des_hommes	+3.7_p%	0.037000000000000026
Éthiopie	2023°	Détention_de_comptes_bancaires=_part_des_femmes_par_rapport_à_celle_des_hommes	-11.8_p%	0.11799999999999997
