Tanzanie	2009°	Part_des_femmes_parmi_les_propriétaires_ou_titulaires_de_droits_sur_des_terres_agricoles	40%	0.19799999999999995
Rwanda	2010°	Part_des_femmes_parmi_les_propriétaires_ou_titulaires_de_droits_sur_des_terres_agricoles	51%	0.012799999999999923
Mozambique	2011°	Part_des_femmes_parmi_les_propriétaires_ou_titulaires_de_droits_sur_des_terres_agricoles	51%	0.013600000000000056
Niger	2011°	Part_des_femmes_parmi_les_propriétaires_ou_titulaires_de_droits_sur_des_terres_agricoles	29%	0.4179999999999999
Tanzanie	2011°	Part_des_femmes_parmi_les_propriétaires_ou_titulaires_de_droits_sur_des_terres_agricoles	44%	0.13
Comores	2012°	Part_des_femmes_parmi_les_propriétaires_ou_titulaires_de_droits_sur_des_terres_agricoles	41%	0.17959999999999998
Honduras	2012°	Part_des_femmes_parmi_les_propriétaires_ou_titulaires_de_droits_sur_des_terres_agricoles	14%	0.722
Kirghizistan	2012°	Part_des_femmes_parmi_les_propriétaires_ou_titulaires_de_droits_sur_des_terres_agricoles	20%	0.6008
Malawi	2013°	Part_des_femmes_parmi_les_propriétaires_ou_titulaires_de_droits_sur_des_terres_agricoles	54%	0.08000000000000007
Namibie	2013°	Part_des_femmes_parmi_les_propriétaires_ou_titulaires_de_droits_sur_des_terres_agricoles	28%	0.4436
Nigéria	2013°	Part_des_femmes_parmi_les_propriétaires_ou_titulaires_de_droits_sur_des_terres_agricoles	24%	0.52
Pakistan	2013°	Part_des_femmes_parmi_les_propriétaires_ou_titulaires_de_droits_sur_des_terres_agricoles	6%	0.8866
Tanzanie	2013°	Part_des_femmes_parmi_les_propriétaires_ou_titulaires_de_droits_sur_des_terres_agricoles	45%	0.09999999999999998
Burkina_Faso	2014°	Part_des_femmes_parmi_les_propriétaires_ou_titulaires_de_droits_sur_des_terres_agricoles	17%	0.652
Kenya	2014°	Part_des_femmes_parmi_les_propriétaires_ou_titulaires_de_droits_sur_des_terres_agricoles	32%	0.36419999999999997
Lesotho	2014°	Part_des_femmes_parmi_les_propriétaires_ou_titulaires_de_droits_sur_des_terres_agricoles	34%	0.3218000000000001
Pérou	2014°	Part_des_femmes_parmi_les_propriétaires_ou_titulaires_de_droits_sur_des_terres_agricoles	30%	0.402
République_démocratique_du_Congo	2014°	Part_des_femmes_parmi_les_propriétaires_ou_titulaires_de_droits_sur_des_terres_agricoles	43%	0.13139999999999996
Tchad	2014°	Part_des_femmes_parmi_les_propriétaires_ou_titulaires_de_droits_sur_des_terres_agricoles	26%	0.48719999999999997
Togo	2014°	Part_des_femmes_parmi_les_propriétaires_ou_titulaires_de_droits_sur_des_terres_agricoles	17%	0.6568
Éthiopie	2014°	Part_des_femmes_parmi_les_propriétaires_ou_titulaires_de_droits_sur_des_terres_agricoles	49%	0.020000000000000018
Afghanistan	2015°	Part_des_femmes_parmi_les_propriétaires_ou_titulaires_de_droits_sur_des_terres_agricoles	15%	0.6948000000000001
Arménie	2015°	Part_des_femmes_parmi_les_propriétaires_ou_titulaires_de_droits_sur_des_terres_agricoles	39%	0.22160000000000002
Guatemala	2015°	Part_des_femmes_parmi_les_propriétaires_ou_titulaires_de_droits_sur_des_terres_agricoles	19%	0.6244
Inde	2015°	Part_des_femmes_parmi_les_propriétaires_ou_titulaires_de_droits_sur_des_terres_agricoles	9%	0.814
Pérou	2015°	Part_des_femmes_parmi_les_propriétaires_ou_titulaires_de_droits_sur_des_terres_agricoles	30%	0.4
Rwanda	2015°	Part_des_femmes_parmi_les_propriétaires_ou_titulaires_de_droits_sur_des_terres_agricoles	49%	0.013000000000000012
Tanzanie	2015°	Part_des_femmes_parmi_les_propriétaires_ou_titulaires_de_droits_sur_des_terres_agricoles	46%	0.07999999999999996
Birmanie	2016°	Part_des_femmes_parmi_les_propriétaires_ou_titulaires_de_droits_sur_des_terres_agricoles	50%	0.0006000000000000449
Burundi	2016°	Part_des_femmes_parmi_les_propriétaires_ou_titulaires_de_droits_sur_des_terres_agricoles	50%	0.006199999999999983
Haïti	2016°	Part_des_femmes_parmi_les_propriétaires_ou_titulaires_de_droits_sur_des_terres_agricoles	30%	0.4012
Nigéria	2016°	Part_des_femmes_parmi_les_propriétaires_ou_titulaires_de_droits_sur_des_terres_agricoles	23%	0.532
Pérou	2016°	Part_des_femmes_parmi_les_propriétaires_ou_titulaires_de_droits_sur_des_terres_agricoles	29%	0.41600000000000004
Timor_Oriental	2016°	Part_des_femmes_parmi_les_propriétaires_ou_titulaires_de_droits_sur_des_terres_agricoles	33%	0.33519999999999994
Éthiopie	2016°	Part_des_femmes_parmi_les_propriétaires_ou_titulaires_de_droits_sur_des_terres_agricoles	51%	0.028000000000000025
Albanie	2017°	Part_des_femmes_parmi_les_propriétaires_ou_titulaires_de_droits_sur_des_terres_agricoles	34%	0.3136
Ghana	2017°	Part_des_femmes_parmi_les_propriétaires_ou_titulaires_de_droits_sur_des_terres_agricoles	39%	0.22599999999999998
Malawi	2017°	Part_des_femmes_parmi_les_propriétaires_ou_titulaires_de_droits_sur_des_terres_agricoles	58%	0.15799999999999992
Pérou	2017°	Part_des_femmes_parmi_les_propriétaires_ou_titulaires_de_droits_sur_des_terres_agricoles	30%	0.4079999999999999
Cameroun	2018°	Part_des_femmes_parmi_les_propriétaires_ou_titulaires_de_droits_sur_des_terres_agricoles	26%	0.48439999999999994
Ouganda	2018°	Part_des_femmes_parmi_les_propriétaires_ou_titulaires_de_droits_sur_des_terres_agricoles	41%	0.18400000000000005
Pakistan	2018°	Part_des_femmes_parmi_les_propriétaires_ou_titulaires_de_droits_sur_des_terres_agricoles	2%	0.9568
Papouasie-Nouvelle-Guinée	2018°	Part_des_femmes_parmi_les_propriétaires_ou_titulaires_de_droits_sur_des_terres_agricoles	33%	0.34640000000000004
Pérou	2018°	Part_des_femmes_parmi_les_propriétaires_ou_titulaires_de_droits_sur_des_terres_agricoles	30%	0.404
Sierra_Leone	2018°	Part_des_femmes_parmi_les_propriétaires_ou_titulaires_de_droits_sur_des_terres_agricoles	35%	0.30799999999999994
Burkina_Faso	2019°	Part_des_femmes_parmi_les_propriétaires_ou_titulaires_de_droits_sur_des_terres_agricoles	18%	0.65
Bénin	2019°	Part_des_femmes_parmi_les_propriétaires_ou_titulaires_de_droits_sur_des_terres_agricoles	15%	0.702
Côte_d*Ivoire	2019°	Part_des_femmes_parmi_les_propriétaires_ou_titulaires_de_droits_sur_des_terres_agricoles	16%	0.6759999999999999
Guinée-Bissau	2019°	Part_des_femmes_parmi_les_propriétaires_ou_titulaires_de_droits_sur_des_terres_agricoles	24%	0.514
Mali	2019°	Part_des_femmes_parmi_les_propriétaires_ou_titulaires_de_droits_sur_des_terres_agricoles	9%	0.8280000000000001
Niger	2019°	Part_des_femmes_parmi_les_propriétaires_ou_titulaires_de_droits_sur_des_terres_agricoles	15%	0.706
Nigéria	2019°	Part_des_femmes_parmi_les_propriétaires_ou_titulaires_de_droits_sur_des_terres_agricoles	32%	0.368
Ouganda	2019°	Part_des_femmes_parmi_les_propriétaires_ou_titulaires_de_droits_sur_des_terres_agricoles	39%	0.22599999999999998
Pérou	2019°	Part_des_femmes_parmi_les_propriétaires_ou_titulaires_de_droits_sur_des_terres_agricoles	29%	0.41200000000000003
Rwanda	2019°	Part_des_femmes_parmi_les_propriétaires_ou_titulaires_de_droits_sur_des_terres_agricoles	46%	0.08840000000000003
Tanzanie	2019°	Part_des_femmes_parmi_les_propriétaires_ou_titulaires_de_droits_sur_des_terres_agricoles	48%	0.04200000000000004
Togo	2019°	Part_des_femmes_parmi_les_propriétaires_ou_titulaires_de_droits_sur_des_terres_agricoles	23%	0.546
Zimbabwe	2019°	Part_des_femmes_parmi_les_propriétaires_ou_titulaires_de_droits_sur_des_terres_agricoles	56%	0.1279999999999999
Éthiopie	2019°	Part_des_femmes_parmi_les_propriétaires_ou_titulaires_de_droits_sur_des_terres_agricoles	50%	0.008000000000000007
Allemagne	2020°	Part_des_femmes_parmi_les_propriétaires_ou_titulaires_de_droits_sur_des_terres_agricoles	10%	0.798
Autriche	2020°	Part_des_femmes_parmi_les_propriétaires_ou_titulaires_de_droits_sur_des_terres_agricoles	26%	0.484
Belgique	2020°	Part_des_femmes_parmi_les_propriétaires_ou_titulaires_de_droits_sur_des_terres_agricoles	14%	0.716
Bulgarie	2020°	Part_des_femmes_parmi_les_propriétaires_ou_titulaires_de_droits_sur_des_terres_agricoles	24%	0.512
Cambodge	2020°	Part_des_femmes_parmi_les_propriétaires_ou_titulaires_de_droits_sur_des_terres_agricoles	53%	0.05600000000000005
Chypre	2020°	Part_des_femmes_parmi_les_propriétaires_ou_titulaires_de_droits_sur_des_terres_agricoles	25%	0.506
Croatie	2020°	Part_des_femmes_parmi_les_propriétaires_ou_titulaires_de_droits_sur_des_terres_agricoles	26%	0.47
Danemark	2020°	Part_des_femmes_parmi_les_propriétaires_ou_titulaires_de_droits_sur_des_terres_agricoles	11%	0.782
Espagne	2020°	Part_des_femmes_parmi_les_propriétaires_ou_titulaires_de_droits_sur_des_terres_agricoles	32%	0.35
Estonie	2020°	Part_des_femmes_parmi_les_propriétaires_ou_titulaires_de_droits_sur_des_terres_agricoles	34%	0.31400000000000006
Finlande	2020°	Part_des_femmes_parmi_les_propriétaires_ou_titulaires_de_droits_sur_des_terres_agricoles	10%	0.792
France	2020°	Part_des_femmes_parmi_les_propriétaires_ou_titulaires_de_droits_sur_des_terres_agricoles	23%	0.546
Grèce	2020°	Part_des_femmes_parmi_les_propriétaires_ou_titulaires_de_droits_sur_des_terres_agricoles	35%	0.30799999999999994
Hongrie	2020°	Part_des_femmes_parmi_les_propriétaires_ou_titulaires_de_droits_sur_des_terres_agricoles	28%	0.44399999999999995
Inde	2020°	Part_des_femmes_parmi_les_propriétaires_ou_titulaires_de_droits_sur_des_terres_agricoles	12%	0.762
Irlande	2020°	Part_des_femmes_parmi_les_propriétaires_ou_titulaires_de_droits_sur_des_terres_agricoles	12%	0.756
Italie	2020°	Part_des_femmes_parmi_les_propriétaires_ou_titulaires_de_droits_sur_des_terres_agricoles	31%	0.376
Lettonie	2020°	Part_des_femmes_parmi_les_propriétaires_ou_titulaires_de_droits_sur_des_terres_agricoles	43%	0.132
Libéria	2020°	Part_des_femmes_parmi_les_propriétaires_ou_titulaires_de_droits_sur_des_terres_agricoles	41%	0.18359999999999999
Lituanie	2020°	Part_des_femmes_parmi_les_propriétaires_ou_titulaires_de_droits_sur_des_terres_agricoles	41%	0.17799999999999994
Luxembourg	2020°	Part_des_femmes_parmi_les_propriétaires_ou_titulaires_de_droits_sur_des_terres_agricoles	21%	0.5760000000000001
Malawi	2020°	Part_des_femmes_parmi_les_propriétaires_ou_titulaires_de_droits_sur_des_terres_agricoles	58%	0.15599999999999992
Malte	2020°	Part_des_femmes_parmi_les_propriétaires_ou_titulaires_de_droits_sur_des_terres_agricoles	9%	0.8160000000000001
Pologne	2020°	Part_des_femmes_parmi_les_propriétaires_ou_titulaires_de_droits_sur_des_terres_agricoles	28%	0.44399999999999995
Portugal	2020°	Part_des_femmes_parmi_les_propriétaires_ou_titulaires_de_droits_sur_des_terres_agricoles	32%	0.358
Roumanie	2020°	Part_des_femmes_parmi_les_propriétaires_ou_titulaires_de_droits_sur_des_terres_agricoles	32%	0.3540000000000001
Seychelles	2020°	Part_des_femmes_parmi_les_propriétaires_ou_titulaires_de_droits_sur_des_terres_agricoles	17%	0.652
Slovaquie	2020°	Part_des_femmes_parmi_les_propriétaires_ou_titulaires_de_droits_sur_des_terres_agricoles	19%	0.616
Slovénie	2020°	Part_des_femmes_parmi_les_propriétaires_ou_titulaires_de_droits_sur_des_terres_agricoles	23%	0.536
Suède	2020°	Part_des_femmes_parmi_les_propriétaires_ou_titulaires_de_droits_sur_des_terres_agricoles	17%	0.6579999999999999
Indonésie	2021°	Part_des_femmes_parmi_les_propriétaires_ou_titulaires_de_droits_sur_des_terres_agricoles	20%	0.6060000000000001
Madagascar	2021°	Part_des_femmes_parmi_les_propriétaires_ou_titulaires_de_droits_sur_des_terres_agricoles	43%	0.1402
Mauritanie	2021°	Part_des_femmes_parmi_les_propriétaires_ou_titulaires_de_droits_sur_des_terres_agricoles	17%	0.666
Oman	2021°	Part_des_femmes_parmi_les_propriétaires_ou_titulaires_de_droits_sur_des_terres_agricoles	7%	0.8682
Bénin	2022°	Part_des_femmes_parmi_les_propriétaires_ou_titulaires_de_droits_sur_des_terres_agricoles	16%	0.69
Géorgie	2022°	Part_des_femmes_parmi_les_propriétaires_ou_titulaires_de_droits_sur_des_terres_agricoles	28%	0.44600000000000006
Kenya	2022°	Part_des_femmes_parmi_les_propriétaires_ou_titulaires_de_droits_sur_des_terres_agricoles	54%	0.08919999999999995
Mozambique	2022°	Part_des_femmes_parmi_les_propriétaires_ou_titulaires_de_droits_sur_des_terres_agricoles	39%	0.22640000000000005
Népal	2022°	Part_des_femmes_parmi_les_propriétaires_ou_titulaires_de_droits_sur_des_terres_agricoles	34%	0.31200000000000006
Sénégal	2022°	Part_des_femmes_parmi_les_propriétaires_ou_titulaires_de_droits_sur_des_terres_agricoles	9%	0.822
Togo	2022°	Part_des_femmes_parmi_les_propriétaires_ou_titulaires_de_droits_sur_des_terres_agricoles	22%	0.56
Eswatini	2023°	Part_des_femmes_parmi_les_propriétaires_ou_titulaires_de_droits_sur_des_terres_agricoles	56%	0.12400000000000011
Gambie	2023°	Part_des_femmes_parmi_les_propriétaires_ou_titulaires_de_droits_sur_des_terres_agricoles	3%	0.944
Sénégal	2023°	Part_des_femmes_parmi_les_propriétaires_ou_titulaires_de_droits_sur_des_terres_agricoles	8%	0.848
Zambie	2023°	Part_des_femmes_parmi_les_propriétaires_ou_titulaires_de_droits_sur_des_terres_agricoles	30%	0.39
Fidji	2024°	Part_des_femmes_parmi_les_propriétaires_ou_titulaires_de_droits_sur_des_terres_agricoles	25%	0.506
