France	2021°	Théâtres_nationaux=_part_de_représentation_de_spectacles_mis_en_scène_par_des_femmes_	27%	0.45999999999999996
France	2022°	Théâtres_nationaux=_part_de_représentation_de_spectacles_mis_en_scène_par_des_femmes_	46%	0.07999999999999996
France	2021°	Centres_dramatiques_nationaux_et_régionaux=_part_des_représentations_de_spectacles_mis_en_scène_par_des_femmes	44%	0.12
France	2022°	Centres_dramatiques_nationaux_et_régionaux=_part_des_représentations_de_spectacles_mis_en_scène_par_des_femmes	47%	0.06000000000000005
France	2021°	Scènes_nationales=_part_de_représentation_de_spectacles_mis_en_scène_par_des_femmes	36%	0.28
France	2022°	Scènes_nationales=_part_de_représentation_de_spectacles_mis_en_scène_par_des_femmes	40%	0.19999999999999996
France	2021°	Scènes_conventionnées=_part_des_représentations_de_spectacles_mis_en_scène_par_des_femmes	39%	0.21999999999999997
France	2022°	Scènes_conventionnées=_mise_en_scène=_part_de_femmes	37%	0.26
France	2021°	"Pôles_nationaux_des_arts_du_cirque=_part_de_représenta
tion_de_spectacles_mis_en_scène_par_des_femmes"	36%	0.28
France	2022°	Pôles_nationaux_des_arts_du_cirque=_mise_en_scène_de_spectacles=_part_de_femmes	39%	0.21999999999999997
France	2021°	Théâtres_nationaux=_mise_en_scène_de_spectacle=_part_de_femmes	35%	0.30000000000000004
France	2021°	Centres_dramatiques_nationaux_et_régionaux=_Mise_en_scène_de_spectacle=_part_de_femmes	45%	0.09999999999999998
France	2021°	Scènes_nationales=_mise_en_scène_de_spectacle=_part_de_femmes	37%	0.26
France	2021°	Scènes_conventionnées=_mise_en_scène_de_spectacle=_part_de_femmes	40%	0.19999999999999996
France	2021°	Pôles_nationaux_des_arts_du_cirque=_mise_en_scène_de_spectacle=_part_de_femmes	40%	0.19999999999999996
France	2021°	Centres_de_développement_chorégraphique=_mise_en_scène_de_spectacle=_part_de_femmes	61%	0.21999999999999997
France	2021°	Théâtres_nationaux=_mise_en_scène_de_spectacles_jeune_public=_part_de_femmes	25%	0.5
France	2022°	Théâtres_nationaux=_mise_en_scène_de_spectacles_jeune_public=_part_de_femmes	57%	0.1399999999999999
France	2021°	Centres_dramatiques_nationaux_et_régionaux=_mise_en_scène_de_spectacles_jeune_public=_part_de_femmes	50%	0.0
France	2022°	Centres_dramatiques_nationaux_et_régionaux=_mise_en_scène_de_spectacles_jeune_public=_part_de_femmes	57%	0.1399999999999999
France	2021°	Scènes_nationales=_mise_en_scène_de_spectacles_jeune_public=_part_de_femmes	36%	0.28
France	2022°	Scènes_nationales=_mise_en_scène_de_spectacles_jeune_public=_part_de_femmes	40%	0.19999999999999996
France	2021°	Scènes_conventionnées=_mise_en_scène_de_spectacles_jeune_public=_part_de_femmes	45%	0.09999999999999998
France	2022°	Scènes_conventionnées=_mise_en_scène_de_spectacles_jeune_public=_part_de_femmes	44%	0.12
France	2021°	Pôles_nationaux_des_arts_du_cirque=_mise_en_scène_de_spectacles_jeune_public=_part_de_femmes	37%	0.26
France	2022°	Pôles_nationaux_des_arts_du_cirque=_mise_en_scène_de_spectacles_jeune_public=_part_de_femmes	27%	0.45999999999999996
France	2022°	Tous_lieux_confondus=_mise_en_scène_de_spectacles_jeune_public=_part_de_femmes	43%	0.14
France	2021°	Théâtres_nationaux=_écriture_de_spectacles=_part_de_femmes	26%	0.48
France	2017-2018°	Théâtres_nationaux=_écriture_de_spectacles=_part_de_femmes	17%	0.6599999999999999
France	2022°	Théâtres_nationaux=_écriture_de_spectacles=_part_de_femmes	34%	0.31999999999999995
France	2021°	Centres_dramatiques_nationaux_et_régionaux=_écriture_de_spectacles=_part_de_femmes	31%	0.38
France	2022°	Centres_dramatiques_nationaux_et_régionaux=_écriture_de_spectacles=_part_de_femmes	32%	0.36
France	2021°	Scènes_nationales=_écriture_de_spectacles=_part_de_femmes	28%	0.43999999999999995
France	2022°	Scènes_nationales=_écriture_de_spectacles=_part_de_femmes	30%	0.4
France	2017-2018°	Scènes_conventionnées=_écriture_de_spectacles=_part_de_femmes	26%	0.48
France	2021°	Scènes_conventionnées=_écriture_de_spectacles=_part_de_femmes	29%	0.42000000000000004
France	2022°	Scènes_conventionnées=_écriture_de_spectacles=_part_de_femmes	31%	0.38
France	2017-2018°	Pôles_nationaux_des_arts_du_cirque=_écriture_de_spectacles=_part_de_femmes	22%	0.56
France	2021°	Pôles_nationaux_des_arts_du_cirque=_écriture_de_spectacles=_part_de_femmes	34%	0.31999999999999995
France	2022°	Pôles_nationaux_des_arts_du_cirque=_écriture_de_spectacles=_part_de_femmes	33%	0.33999999999999997
France	2017-2018°	Tous_lieux_confondus=_écriture_de_spectacles=_part_de_femmes	24%	0.52
France	2022°	Tous_lieux_confondus=_écriture_de_spectacles=_part_de_femmes	31%	0.38
France	2021°	Tous_lieux_confondus=_écriture_de_spectacles=_part_de_femmes	48%	0.040000000000000036
France	2017-2018°	Théâtres_nationaux=_adaptation_de_spectacles=_part_de_femmes	25%	0.5
France	2022°	Théâtres_nationaux=_adaptation_de_spectacles=_part_de_femmes	57%	0.1399999999999999
France	2022°	Théâtres_nationaux=_traduction_de_spectacles=_part_de_femmes	43%	0.14
France	2022°	Théâtres_nationaux=_scénographie=_part_de_femmes	60%	0.19999999999999996
France	2022°	Théâtres_nationaux=_chorégraphie=_part_de_femmes	41%	0.18000000000000005
France	2022°	Centres_dramatiques_nationaux_et_régionaux=_adaptation_de_spectacles=_part_de_femmes	42%	0.16000000000000003
France	2022°	"Centres_dramatiques_nationaux_et_régionaux=_traduction_de_spectacles=_part
_de_femmes"	39%	0.21999999999999997
France	2022°	Centres_dramatiques_nationaux_et_régionaux=_scénographie=_part_de_femmes	41%	0.18000000000000005
France	2022°	Centres_dramatiques_nationaux_et_régionaux=_chorégraphie=_part_de_femmes	51%	0.020000000000000018
France	2022°	Scènes_nationales=_part_de_femmes=_adaptation_de_spectacles=_part_de_femmes	41%	0.18000000000000005
France	2022°	Scènes_nationales=_part_de_femmes=_traduction_de_spectacles=_part_de_femmes	40%	0.19999999999999996
France	2022°	Scènes_nationales=_part_de_femmes=_scénographie=_part_de_femmes	40%	0.19999999999999996
France	2022°	Scènes_nationales=_part_de_femmes=_chorégraphie=_part_de_femmes	44%	0.12
France	2022°	Scènes_conventionnées=_adaptation_de_spectacles=_part_de_femmes	35%	0.30000000000000004
France	2022°	Scènes_conventionnées=_traduction_de_spectacles=_part_de_femmes	42%	0.16000000000000003
France	2022°	Scènes_conventionnées=_scénographie=_part_de_femmes	41%	0.18000000000000005
France	2022°	Scènes_conventionnées=_chorégraphie=_part_de_femmes	44%	0.12
France	2022°	Pôles_nationaux_des_arts_du_cirque=_adaptation_de_spectacles=_part_de_femmes	33%	0.33999999999999997
France	2022°	Pôles_nationaux_des_arts_du_cirque=_traduction_de_spectacles=_part_de_femmes	50%	0.0
France	2022°	Pôles_nationaux_des_arts_du_cirque=_scénographie=_part_de_femmes	43%	0.14
France	2022°	Pôles_nationaux_des_arts_du_cirque=_chorégraphie=_part_de_femmes	68%	0.3600000000000001
France	2022°	Tous_lieux_confondus=_adaptation_de_spectacles=_part_de_femmes	41%	0.18000000000000005
France	2022°	Tous_lieux_confondus=_traduction_de_spectacles=_part_de_femmes	42%	0.16000000000000003
France	2022°	Tous_lieux_confondus=_mise_en_scène=_part_de_femmes	42%	0.16000000000000003
France	2022°	Tous_lieux_confondus=_scénographe=_part_de_femmes	42%	0.16000000000000003
France	2022°	Tous_lieux_confondus=_chorégraphe=_part_de_femmes	46%	0.07999999999999996
France	2018°	Audiovisuel=_métier_de_l*image=_part_de_femmes	25%	0.5
France	2018°	Audiovisuel=_métier_du_son=_part_de_femmes	11%	0.78
France	2018°	Audiovisuel=_Écriture_et_conception_de_projets=_part_de_femmes	42%	0.16000000000000003
France	2018°	Audiovisuel=_Décor=_construction=_plateau=_part_de_femmes	24%	0.52
France	2018°	Audiovisuel=_Costume=_maquillage=_coiffure=_part_de_femmes	87%	0.74
France	2018°	Audiovisuel=_Interprétation_et_gestion_de_la_distribution_artistique=_part_de_femmes	42%	0.16000000000000003
France	2020°	Auteur·es_de_doublages_et_de_sous-titrages_sociétaires_de_la_Sacem=_part_de_femmes	70%	0.3999999999999999
France	2021°	Direction_de_Centres_choré_graphiques_nationaux=_part_de_femmes	16%	0.6799999999999999
France	2020°	Emploi_dans_les_effets_visuels_et_numériques=_part_de_femmes	31%	0.38
France	2020°	Emploi_dans_les_effets_visuels_et_numériques=_masse_salariale=_part_de_femmes	27%	0.45999999999999996
France	2013°	Artistes_exposé·e·s_dans_les_fonds_régionaux_d’art_contemporain=_part_de_femmes	23%	0.54
France	2014°	Artistes_exposé·e·s_dans_les_fonds_régionaux_d’art_contemporain=_part_de_femmes	23%	0.54
France	2015°	Artistes_exposé·e·s_dans_les_fonds_régionaux_d’art_contemporain=_part_de_femmes	23%	0.54
France	2016°	Artistes_exposé·e·s_dans_les_fonds_régionaux_d’art_contemporain=_part_de_femmes	31%	0.38
France	2019°	Artistes_exposé·e·s_dans_les_fonds_régionaux_d’art_contemporain=_part_de_femmes	30%	0.4
France	2013°	Artistes_exposé·e·s_dans_les_centres_d’art_contemporain=_part_de_femmes	33%	0.33999999999999997
France	2014°	Artistes_exposé·e·s_dans_les_centres_d’art_contemporain=_part_de_femmes	31%	0.38
France	2015°	Artistes_exposé·e·s_dans_les_centres_d’art_contemporain=_part_de_femmes	31%	0.38
France	2016°	Artistes_exposé·e·s_dans_les_centres_d’art_contemporain=_part_de_femmes	33%	0.33999999999999997
France	2019°	Artistes_exposé·e·s_dans_les_centres_d’art_contemporain=_part_de_femmes	38%	0.24
France	2013°	Acquisitions_fonds_national_d’art_contemporain_(fnac)=_part_des_œuvres_de_femmes	17%	0.6599999999999999
France	2014°	Acquisitions_fonds_national_d’art_contemporain_(fnac)=_part_des_œuvres_de_femmes	31%	0.38
France	2015°	Acquisitions_fonds_national_d’art_contemporain_(fnac)=_part_des_œuvres_de_femmes	43%	0.14
France	2016°	Acquisitions_fonds_national_d’art_contemporain_(fnac)=_part_des_œuvres_de_femmes	12%	0.76
France	2019°	Acquisitions_fonds_national_d’art_contemporain_(fnac)=_part_des_œuvres_de_femmes	47%	0.06000000000000005
France	2012°	Acquisitions_fonds_national_d’art_contemporain_(fnac)=_part_des_œuvres_de_femmes	18%	0.64
France	2013°	Acquisitions_Fonds_national_d’art_contemporain_(fnac)=_part_des_œuvres_de_femmes	28%	0.43999999999999995
France	2014°	Acquisitions_Fonds_national_d’art_contemporain_(fnac)=_part_des_œuvres_de_femmes	25%	0.5
France	2015°	Acquisitions_Fonds_national_d’art_contemporain_(fnac)=_part_des_œuvres_de_femmes	33%	0.33999999999999997
France	2016°	Acquisitions_Fonds_national_d’art_contemporain_(fnac)=_part_des_œuvres_de_femmes	23%	0.54
France	2012°	Acquisitions_Fonds_national_d’art_contemporain_(fnac)=_part_des_œuvres_de_femmes	19%	0.62
France	2017°	Acquisitions_fonds_régionaux_d’art_contemporain_(frac)=_part_des_œuvres_de_femmes	40%	0.19999999999999996
France	2019°	Acquisitions_fonds_régionaux_d’art_contemporain_(frac)=_part_des_œuvres_de_femmes	38%	0.24
France	2015°	Commissaires_d’expositions_de_quelques_grandes_expositions=_part_de_femmes	49%	0.020000000000000018
France	2016°	Commissaires_d’expositions_de_quelques_grandes_expositions=_part_de_femmes	58%	0.15999999999999992
France	2017°	Commissaires_d’expositions_de_quelques_grandes_expositions=_part_de_femmes	54%	0.08000000000000007
France	2018°	Commissaires_d’expositions_de_quelques_grandes_expositions=_part_de_femmes	50%	0.0
France	2019°	Commissaires_d’expositions_de_quelques_grandes_expositions=_part_de_femmes	57%	0.1399999999999999
France	2014°	Photographes_représenté·es_dans_les_collections_du_cnap=_part_de_femmes	25%	0.5
France	2016°	Photographes_représenté·es_dans_les_acquisitions_des_frac=_part_de_femmes	40%	0.19999999999999996
France	2021°	Direction_de_pôles_nationaux_des_arts_du_cirque_(pnac)=_part_de_femmes	38%	0.24
France	2022°	Direction_de_Fonds_régionaux_d’art_contemporain_(frac)=_part_de_femmes	59%	0.17999999999999994
France	2017°	Direction_de_Centres_dramatiques_nationaux=_part_de_femmes	21%	0.5800000000000001
France	2021°	"Direction_de_Centres_dramatiques_nationaux_(cdn)_et_régionaux_(cdr)=_part_d
e_femmes"	37%	0.26
France	2021°	Direction_de_Centres_de_développement_chorégraphique=_part_de_femmes	77%	0.54
France	2021°	Direction_de_Centres_d*art=_part_de_femmes	57%	0.1399999999999999
France	2021°	Direction_de_Centres_nationaux_des_arts_de_la_rue_et_assimilés_(cnarep)=_part_de_femmes	38%	0.24
France	2017°	Spectacle_vivant=_Emplois_du_costume=_Laveur_-_Repasseur=_part_de_femmes	100%	1.0
France	2017°	Spectacle_vivant=_Emplois_du_costume=_Linger_-_Raccomodeur=_part_de_femmes	100%	1.0
France	2022°	Direction_de_Centres_chorégraphiques_nationaux=_part_de_femmes	16%	0.6799999999999999
France	2017°	Direction_régionale_des_affaires_culturelles=_part_de_femmes	24%	0.52
France	2020°	Direction_régionale_des_affaires_culturelles=_part_de_femmes	41%	0.18000000000000005
France	2022°	Ministère_de_la_Culture=_poste_de_direction=_part_de_femmes	32%	0.36
France	2020°	Direction_de_structures_culturelles_soutenues_par_le_ministère_de_la_Culture	36%	0.28
France	2022°	Établissements_publics_culturels=_poste_de_direction=_part_de_femmes	38%	0.24
France	2022°	Équipements_labellisés_de_la_création_artistique=_poste_de_direction=_part_de_femmes	36%	0.28
France	2017°	Spectacle_vivant=_Direction_technique_et_régie_générale=_part_de_femmes	14%	0.72
France	2017°	Spectacle_vivant=_autres_emplois_dans_direction_technique_et_régie_générale=_part_de_femmes	15%	0.7
France	2017°	Spectacle_vivant=_Emplois_du_plateau=_de_la_scène_et_de_la_machinerie=_part_de_femmes	12%	0.76
France	2017°	Spectacle_vivant=_Régie_scène=_plateau=_salle=_part_de_femmes	14%	0.72
France	2017°	Spectacle_vivant=_Emplois_de_l*accroche_et_de_la_structure=_part_de_femmes	6%	0.88
France	2017°	Spectacle_vivant=_Emplois_des_accessoires_et_des_effets_spéciaux=_part_de_femmes	25%	0.5
France	2017°	Spectacle_vivant=_Technicien·ne_des_effets_spéciaux=_part_de_femmes	15%	0.7
France	2017°	Spectacle_vivant=_Emplois_de_la_lumière_et_de_l*électricité=_part_de_femmes	13%	0.74
France	2017°	Spectacle_vivant=_Technicien·ne_instruments_-_Backliner=_part_de_femmes	8%	0.84
France	2017°	Spectacle_vivant=_Autres_emplois_du_son=_part_de_femmes=_part_de_femmes	4%	0.92
France	2017°	Spectacle_vivant=_Emplois_de_la_vidéo_et_de_l*image=_part_de_femmes	16%	0.6799999999999999
France	2017°	Spectacle_vivant=_Emplois_du_décor=_part_de_femmes	26%	0.48
France	2017°	Spectacle_vivant=_Décor=_responsable_du_bureau_d*étude=_part_de_femmes	15%	0.7
France	2017°	Spectacle_vivant=_Décor=_Technicien_du_bureau_d*étude=_part_de_femmes	35%	0.30000000000000004
France	2017°	Spectacle_vivant=_Décor=_Menuisier_constructeur=_part_de_femmes	14%	0.72
France	2017°	Spectacle_vivant=_Décor=_Chef_constructeur=_part_de_femmes	13%	0.74
France	2017°	Spectacle_vivant=_Décor=_Chef_tapissier=_part_de_femmes	44%	0.12
France	2017°	Spectacle_vivant=_Décor=_Tapissier=_part_de_femmes	25%	0.5
France	2017°	Spectacle_vivant=_Emplois_du_costume=_Couturier=_part_de_femmes	92%	0.8400000000000001
France	2017°	Spectacle_vivant=_Emplois_du_costume=_Teinturier-patineur=_part_de_femmes	77%	0.54
France	2017°	Spectacle_vivant=_Réalisateur_de_piéces_de_costume=_part_de_femmes	90%	0.8
France	2017°	Spectacle_vivant=_Emplois_de_la_coiffure=_du_maquillage_et_des_masques=_part_de_femmes	84%	0.6799999999999999
France	2017°	Spectacle_vivant=_Responsable_de_sécurité=_part_de_femmes	13%	0.74
France	2020-2021°	Théâtre=_part_des_spectacles_programmés_écrits_par_des_femmes	29%	0.42000000000000004
France	2020-2021°	Théâtre=_part_des_spectacles_programmés_mis_en_scène_par_des_femmes	38%	0.24
