STRUCTURE,STRUCTURE_ID,STRUCTURE_NAME,ACTION,REF_AREA,Reference area,SDG_GOAL,SDG goal,SDG_TARGET,SDG target,SDG_INDICATOR,SDG indicator,SDG_SERIES,SDG series,AGE,Age,SEX,Sex,INCOME_WEALTH_QUANTILE,Income or wealth quantile,EDUCATION_LEV,Education level,DEG_URB,Degree of urbanisation,UNIT_MEASURE,Measure,TIME_PERIOD,Time period,OBS_VALUE,Observation value,SOURCE,Source,UNIT_MULT,Unit multiplier,PRICE_BASE,Price base,BASE_PER,Base period,DECIMALS,Decimals
DATAFLOW,OECD.WISE.RSB:DSD_SDG@DF_SDG_G_5(2.0),Sustainable Development Goal 05 - Gender equality,I,EST,Estonia,G_5,Goal 5. Achieve gender equality and empower all women and girls,5_5,"5.5 Ensure women's full and effective participation and equal opportunities for leadership at all levels of decision-making in political, economic and public life",C050501,5.5.1 Proportion of seats held by women in (a) national parliaments and (b) local governments,5_5_1_OECD,Proportion of seats held by women in national parliaments,_T,Total,F,Female,_T,"Total, national average, or no breakdown",_T,Total,_T,Total,PT_W,Percentage of women,2025,,28.7,,OECD,OECD,0,Units,,,,,1,One
DATAFLOW,OECD.WISE.RSB:DSD_SDG@DF_SDG_G_5(2.0),Sustainable Development Goal 05 - Gender equality,I,CAN,Canada,G_5,Goal 5. Achieve gender equality and empower all women and girls,5_5,"5.5 Ensure women's full and effective participation and equal opportunities for leadership at all levels of decision-making in political, economic and public life",C050501,5.5.1 Proportion of seats held by women in (a) national parliaments and (b) local governments,5_5_1_OECD,Proportion of seats held by women in national parliaments,_T,Total,F,Female,_T,"Total, national average, or no breakdown",_T,Total,_T,Total,PT_W,Percentage of women,2025,,30.9,,OECD,OECD,0,Units,,,,,1,One
DATAFLOW,OECD.WISE.RSB:DSD_SDG@DF_SDG_G_5(2.0),Sustainable Development Goal 05 - Gender equality,I,CAN,Canada,G_5,Goal 5. Achieve gender equality and empower all women and girls,5_5,"5.5 Ensure women's full and effective participation and equal opportunities for leadership at all levels of decision-making in political, economic and public life",C050501,5.5.1 Proportion of seats held by women in (a) national parliaments and (b) local governments,5_5_1_OECD,Proportion of seats held by women in national parliaments,_T,Total,F,Female,_T,"Total, national average, or no breakdown",_T,Total,_T,Total,PT_W,Percentage of women,2021,,29.6,,OECD,OECD,0,Units,,,,,1,One
DATAFLOW,OECD.WISE.RSB:DSD_SDG@DF_SDG_G_5(2.0),Sustainable Development Goal 05 - Gender equality,I,USA,United States,G_5,Goal 5. Achieve gender equality and empower all women and girls,5_5,"5.5 Ensure women's full and effective participation and equal opportunities for leadership at all levels of decision-making in political, economic and public life",C050501,5.5.1 Proportion of seats held by women in (a) national parliaments and (b) local governments,5_5_1_OECD,Proportion of seats held by women in national parliaments,_T,Total,F,Female,_T,"Total, national average, or no breakdown",_T,Total,_T,Total,PT_W,Percentage of women,2021,,27.3,,OECD,OECD,0,Units,,,,,1,One
DATAFLOW,OECD.WISE.RSB:DSD_SDG@DF_SDG_G_5(2.0),Sustainable Development Goal 05 - Gender equality,I,AUT,Austria,G_5,Goal 5. Achieve gender equality and empower all women and girls,5_5,"5.5 Ensure women's full and effective participation and equal opportunities for leadership at all levels of decision-making in political, economic and public life",C050501,5.5.1 Proportion of seats held by women in (a) national parliaments and (b) local governments,5_5_1_OECD,Proportion of seats held by women in national parliaments,_T,Total,F,Female,_T,"Total, national average, or no breakdown",_T,Total,_T,Total,PT_W,Percentage of women,2021,,39.9,,OECD,OECD,0,Units,,,,,1,One
DATAFLOW,OECD.WISE.RSB:DSD_SDG@DF_SDG_G_5(2.0),Sustainable Development Goal 05 - Gender equality,I,DNK,Denmark,G_5,Goal 5. Achieve gender equality and empower all women and girls,5_5,"5.5 Ensure women's full and effective participation and equal opportunities for leadership at all levels of decision-making in political, economic and public life",C050501,5.5.1 Proportion of seats held by women in (a) national parliaments and (b) local governments,5_5_1_OECD,Proportion of seats held by women in national parliaments,_T,Total,F,Female,_T,"Total, national average, or no breakdown",_T,Total,_T,Total,PT_W,Percentage of women,2021,,39.7,,OECD,OECD,0,Units,,,,,1,One
DATAFLOW,OECD.WISE.RSB:DSD_SDG@DF_SDG_G_5(2.0),Sustainable Development Goal 05 - Gender equality,I,DNK,Denmark,G_5,Goal 5. Achieve gender equality and empower all women and girls,5_5,"5.5 Ensure women's full and effective participation and equal opportunities for leadership at all levels of decision-making in political, economic and public life",C050501,5.5.1 Proportion of seats held by women in (a) national parliaments and (b) local governments,5_5_1_OECD,Proportion of seats held by women in national parliaments,_T,Total,F,Female,_T,"Total, national average, or no breakdown",_T,Total,_T,Total,PT_W,Percentage of women,2023,,43.6,,OECD,OECD,0,Units,,,,,1,One
DATAFLOW,OECD.WISE.RSB:DSD_SDG@DF_SDG_G_5(2.0),Sustainable Development Goal 05 - Gender equality,I,JPN,Japan,G_5,Goal 5. Achieve gender equality and empower all women and girls,5_5,"5.5 Ensure women's full and effective participation and equal opportunities for leadership at all levels of decision-making in political, economic and public life",C050501,5.5.1 Proportion of seats held by women in (a) national parliaments and (b) local governments,5_5_1_OECD,Proportion of seats held by women in national parliaments,_T,Total,F,Female,_T,"Total, national average, or no breakdown",_T,Total,_T,Total,PT_W,Percentage of women,2023,,10,,OECD,OECD,0,Units,,,,,1,One
DATAFLOW,OECD.WISE.RSB:DSD_SDG@DF_SDG_G_5(2.0),Sustainable Development Goal 05 - Gender equality,I,JPN,Japan,G_5,Goal 5. Achieve gender equality and empower all women and girls,5_5,"5.5 Ensure women's full and effective participation and equal opportunities for leadership at all levels of decision-making in political, economic and public life",C050501,5.5.1 Proportion of seats held by women in (a) national parliaments and (b) local governments,5_5_1_OECD,Proportion of seats held by women in national parliaments,_T,Total,F,Female,_T,"Total, national average, or no breakdown",_T,Total,_T,Total,PT_W,Percentage of women,2025,,15.7,,OECD,OECD,0,Units,,,,,1,One
DATAFLOW,OECD.WISE.RSB:DSD_SDG@DF_SDG_G_5(2.0),Sustainable Development Goal 05 - Gender equality,I,CRI,Costa Rica,G_5,Goal 5. Achieve gender equality and empower all women and girls,5_5,"5.5 Ensure women's full and effective participation and equal opportunities for leadership at all levels of decision-making in political, economic and public life",C050501,5.5.1 Proportion of seats held by women in (a) national parliaments and (b) local governments,5_5_1_OECD,Proportion of seats held by women in national parliaments,_T,Total,F,Female,_T,"Total, national average, or no breakdown",_T,Total,_T,Total,PT_W,Percentage of women,2025,,49.1,,OECD,OECD,0,Units,,,,,1,One
DATAFLOW,OECD.WISE.RSB:DSD_SDG@DF_SDG_G_5(2.0),Sustainable Development Goal 05 - Gender equality,I,COL,Colombia,G_5,Goal 5. Achieve gender equality and empower all women and girls,5_5,"5.5 Ensure women's full and effective participation and equal opportunities for leadership at all levels of decision-making in political, economic and public life",C050501,5.5.1 Proportion of seats held by women in (a) national parliaments and (b) local governments,5_5_1_OECD,Proportion of seats held by women in national parliaments,_T,Total,F,Female,_T,"Total, national average, or no breakdown",_T,Total,_T,Total,PT_W,Percentage of women,2021,,18.8,,OECD,OECD,0,Units,,,,,1,One
DATAFLOW,OECD.WISE.RSB:DSD_SDG@DF_SDG_G_5(2.0),Sustainable Development Goal 05 - Gender equality,I,COL,Colombia,G_5,Goal 5. Achieve gender equality and empower all women and girls,5_5,"5.5 Ensure women's full and effective participation and equal opportunities for leadership at all levels of decision-making in political, economic and public life",C050501,5.5.1 Proportion of seats held by women in (a) national parliaments and (b) local governments,5_5_1_OECD,Proportion of seats held by women in national parliaments,_T,Total,F,Female,_T,"Total, national average, or no breakdown",_T,Total,_T,Total,PT_W,Percentage of women,2023,,28.9,,OECD,OECD,0,Units,,,,,1,One
DATAFLOW,OECD.WISE.RSB:DSD_SDG@DF_SDG_G_5(2.0),Sustainable Development Goal 05 - Gender equality,I,COL,Colombia,G_5,Goal 5. Achieve gender equality and empower all women and girls,5_5,"5.5 Ensure women's full and effective participation and equal opportunities for leadership at all levels of decision-making in political, economic and public life",C050501,5.5.1 Proportion of seats held by women in (a) national parliaments and (b) local governments,5_5_1_OECD,Proportion of seats held by women in national parliaments,_T,Total,F,Female,_T,"Total, national average, or no breakdown",_T,Total,_T,Total,PT_W,Percentage of women,2025,,29.4,,OECD,OECD,0,Units,,,,,1,One
DATAFLOW,OECD.WISE.RSB:DSD_SDG@DF_SDG_G_5(2.0),Sustainable Development Goal 05 - Gender equality,I,CHL,Chile,G_5,Goal 5. Achieve gender equality and empower all women and girls,5_5,"5.5 Ensure women's full and effective participation and equal opportunities for leadership at all levels of decision-making in political, economic and public life",C050501,5.5.1 Proportion of seats held by women in (a) national parliaments and (b) local governments,5_5_1_OECD,Proportion of seats held by women in national parliaments,_T,Total,F,Female,_T,"Total, national average, or no breakdown",_T,Total,_T,Total,PT_W,Percentage of women,2021,,22.6,,OECD,OECD,0,Units,,,,,1,One
DATAFLOW,OECD.WISE.RSB:DSD_SDG@DF_SDG_G_5(2.0),Sustainable Development Goal 05 - Gender equality,I,CHL,Chile,G_5,Goal 5. Achieve gender equality and empower all women and girls,5_5,"5.5 Ensure women's full and effective participation and equal opportunities for leadership at all levels of decision-making in political, economic and public life",C050501,5.5.1 Proportion of seats held by women in (a) national parliaments and (b) local governments,5_5_1_OECD,Proportion of seats held by women in national parliaments,_T,Total,F,Female,_T,"Total, national average, or no breakdown",_T,Total,_T,Total,PT_W,Percentage of women,2023,,35.5,,OECD,OECD,0,Units,,,,,1,One
DATAFLOW,OECD.WISE.RSB:DSD_SDG@DF_SDG_G_5(2.0),Sustainable Development Goal 05 - Gender equality,I,KOR,Korea,G_5,Goal 5. Achieve gender equality and empower all women and girls,5_5,"5.5 Ensure women's full and effective participation and equal opportunities for leadership at all levels of decision-making in political, economic and public life",C050501,5.5.1 Proportion of seats held by women in (a) national parliaments and (b) local governments,5_5_1_OECD,Proportion of seats held by women in national parliaments,_T,Total,F,Female,_T,"Total, national average, or no breakdown",_T,Total,_T,Total,PT_W,Percentage of women,2023,,19.1,,OECD,OECD,0,Units,,,,,1,One
DATAFLOW,OECD.WISE.RSB:DSD_SDG@DF_SDG_G_5(2.0),Sustainable Development Goal 05 - Gender equality,I,KOR,Korea,G_5,Goal 5. Achieve gender equality and empower all women and girls,5_5,"5.5 Ensure women's full and effective participation and equal opportunities for leadership at all levels of decision-making in political, economic and public life",C050501,5.5.1 Proportion of seats held by women in (a) national parliaments and (b) local governments,5_5_1_OECD,Proportion of seats held by women in national parliaments,_T,Total,F,Female,_T,"Total, national average, or no breakdown",_T,Total,_T,Total,PT_W,Percentage of women,2025,,20.3,,OECD,OECD,0,Units,,,,,1,One
DATAFLOW,OECD.WISE.RSB:DSD_SDG@DF_SDG_G_5(2.0),Sustainable Development Goal 05 - Gender equality,I,USA,United States,G_5,Goal 5. Achieve gender equality and empower all women and girls,5_5,"5.5 Ensure women's full and effective participation and equal opportunities for leadership at all levels of decision-making in political, economic and public life",C050501,5.5.1 Proportion of seats held by women in (a) national parliaments and (b) local governments,5_5_1_OECD,Proportion of seats held by women in national parliaments,_T,Total,F,Female,_T,"Total, national average, or no breakdown",_T,Total,_T,Total,PT_W,Percentage of women,2023,,29.4,,OECD,OECD,0,Units,,,,,1,One
DATAFLOW,OECD.WISE.RSB:DSD_SDG@DF_SDG_G_5(2.0),Sustainable Development Goal 05 - Gender equality,I,USA,United States,G_5,Goal 5. Achieve gender equality and empower all women and girls,5_5,"5.5 Ensure women's full and effective participation and equal opportunities for leadership at all levels of decision-making in political, economic and public life",C050501,5.5.1 Proportion of seats held by women in (a) national parliaments and (b) local governments,5_5_1_OECD,Proportion of seats held by women in national parliaments,_T,Total,F,Female,_T,"Total, national average, or no breakdown",_T,Total,_T,Total,PT_W,Percentage of women,2025,,28.7,,OECD,OECD,0,Units,,,,,1,One
DATAFLOW,OECD.WISE.RSB:DSD_SDG@DF_SDG_G_5(2.0),Sustainable Development Goal 05 - Gender equality,I,IRL,Ireland,G_5,Goal 5. Achieve gender equality and empower all women and girls,5_5,"5.5 Ensure women's full and effective participation and equal opportunities for leadership at all levels of decision-making in political, economic and public life",C050501,5.5.1 Proportion of seats held by women in (a) national parliaments and (b) local governments,5_5_1_OECD,Proportion of seats held by women in national parliaments,_T,Total,F,Female,_T,"Total, national average, or no breakdown",_T,Total,_T,Total,PT_W,Percentage of women,2025,,25.3,,OECD,OECD,0,Units,,,,,1,One
DATAFLOW,OECD.WISE.RSB:DSD_SDG@DF_SDG_G_5(2.0),Sustainable Development Goal 05 - Gender equality,I,ISL,Iceland,G_5,Goal 5. Achieve gender equality and empower all women and girls,5_5,"5.5 Ensure women's full and effective participation and equal opportunities for leadership at all levels of decision-making in political, economic and public life",C050501,5.5.1 Proportion of seats held by women in (a) national parliaments and (b) local governments,5_5_1_OECD,Proportion of seats held by women in national parliaments,_T,Total,F,Female,_T,"Total, national average, or no breakdown",_T,Total,_T,Total,PT_W,Percentage of women,2021,,39.7,,OECD,OECD,0,Units,,,,,1,One
DATAFLOW,OECD.WISE.RSB:DSD_SDG@DF_SDG_G_5(2.0),Sustainable Development Goal 05 - Gender equality,I,ISL,Iceland,G_5,Goal 5. Achieve gender equality and empower all women and girls,5_5,"5.5 Ensure women's full and effective participation and equal opportunities for leadership at all levels of decision-making in political, economic and public life",C050501,5.5.1 Proportion of seats held by women in (a) national parliaments and (b) local governments,5_5_1_OECD,Proportion of seats held by women in national parliaments,_T,Total,F,Female,_T,"Total, national average, or no breakdown",_T,Total,_T,Total,PT_W,Percentage of women,2023,,47.6,,OECD,OECD,0,Units,,,,,1,One
DATAFLOW,OECD.WISE.RSB:DSD_SDG@DF_SDG_G_5(2.0),Sustainable Development Goal 05 - Gender equality,I,ISL,Iceland,G_5,Goal 5. Achieve gender equality and empower all women and girls,5_5,"5.5 Ensure women's full and effective participation and equal opportunities for leadership at all levels of decision-making in political, economic and public life",C050501,5.5.1 Proportion of seats held by women in (a) national parliaments and (b) local governments,5_5_1_OECD,Proportion of seats held by women in national parliaments,_T,Total,F,Female,_T,"Total, national average, or no breakdown",_T,Total,_T,Total,PT_W,Percentage of women,2025,,46,,OECD,OECD,0,Units,,,,,1,One
DATAFLOW,OECD.WISE.RSB:DSD_SDG@DF_SDG_G_5(2.0),Sustainable Development Goal 05 - Gender equality,I,HUN,Hungary,G_5,Goal 5. Achieve gender equality and empower all women and girls,5_5,"5.5 Ensure women's full and effective participation and equal opportunities for leadership at all levels of decision-making in political, economic and public life",C050501,5.5.1 Proportion of seats held by women in (a) national parliaments and (b) local governments,5_5_1_OECD,Proportion of seats held by women in national parliaments,_T,Total,F,Female,_T,"Total, national average, or no breakdown",_T,Total,_T,Total,PT_W,Percentage of women,2021,,12.6,,OECD,OECD,0,Units,,,,,1,One
DATAFLOW,OECD.WISE.RSB:DSD_SDG@DF_SDG_G_5(2.0),Sustainable Development Goal 05 - Gender equality,I,HUN,Hungary,G_5,Goal 5. Achieve gender equality and empower all women and girls,5_5,"5.5 Ensure women's full and effective participation and equal opportunities for leadership at all levels of decision-making in political, economic and public life",C050501,5.5.1 Proportion of seats held by women in (a) national parliaments and (b) local governments,5_5_1_OECD,Proportion of seats held by women in national parliaments,_T,Total,F,Female,_T,"Total, national average, or no breakdown",_T,Total,_T,Total,PT_W,Percentage of women,2023,,13.1,,OECD,OECD,0,Units,,,,,1,One
DATAFLOW,OECD.WISE.RSB:DSD_SDG@DF_SDG_G_5(2.0),Sustainable Development Goal 05 - Gender equality,I,HUN,Hungary,G_5,Goal 5. Achieve gender equality and empower all women and girls,5_5,"5.5 Ensure women's full and effective participation and equal opportunities for leadership at all levels of decision-making in political, economic and public life",C050501,5.5.1 Proportion of seats held by women in (a) national parliaments and (b) local governments,5_5_1_OECD,Proportion of seats held by women in national parliaments,_T,Total,F,Female,_T,"Total, national average, or no breakdown",_T,Total,_T,Total,PT_W,Percentage of women,2025,,15.2,,OECD,OECD,0,Units,,,,,1,One
DATAFLOW,OECD.WISE.RSB:DSD_SDG@DF_SDG_G_5(2.0),Sustainable Development Goal 05 - Gender equality,I,GRC,Greece,G_5,Goal 5. Achieve gender equality and empower all women and girls,5_5,"5.5 Ensure women's full and effective participation and equal opportunities for leadership at all levels of decision-making in political, economic and public life",C050501,5.5.1 Proportion of seats held by women in (a) national parliaments and (b) local governments,5_5_1_OECD,Proportion of seats held by women in national parliaments,_T,Total,F,Female,_T,"Total, national average, or no breakdown",_T,Total,_T,Total,PT_W,Percentage of women,2021,,21.7,,OECD,OECD,0,Units,,,,,1,One
DATAFLOW,OECD.WISE.RSB:DSD_SDG@DF_SDG_G_5(2.0),Sustainable Development Goal 05 - Gender equality,I,GRC,Greece,G_5,Goal 5. Achieve gender equality and empower all women and girls,5_5,"5.5 Ensure women's full and effective participation and equal opportunities for leadership at all levels of decision-making in political, economic and public life",C050501,5.5.1 Proportion of seats held by women in (a) national parliaments and (b) local governments,5_5_1_OECD,Proportion of seats held by women in national parliaments,_T,Total,F,Female,_T,"Total, national average, or no breakdown",_T,Total,_T,Total,PT_W,Percentage of women,2023,,21,,OECD,OECD,0,Units,,,,,1,One
DATAFLOW,OECD.WISE.RSB:DSD_SDG@DF_SDG_G_5(2.0),Sustainable Development Goal 05 - Gender equality,I,GRC,Greece,G_5,Goal 5. Achieve gender equality and empower all women and girls,5_5,"5.5 Ensure women's full and effective participation and equal opportunities for leadership at all levels of decision-making in political, economic and public life",C050501,5.5.1 Proportion of seats held by women in (a) national parliaments and (b) local governments,5_5_1_OECD,Proportion of seats held by women in national parliaments,_T,Total,F,Female,_T,"Total, national average, or no breakdown",_T,Total,_T,Total,PT_W,Percentage of women,2025,,23.3,,OECD,OECD,0,Units,,,,,1,One
DATAFLOW,OECD.WISE.RSB:DSD_SDG@DF_SDG_G_5(2.0),Sustainable Development Goal 05 - Gender equality,I,DEU,Germany,G_5,Goal 5. Achieve gender equality and empower all women and girls,5_5,"5.5 Ensure women's full and effective participation and equal opportunities for leadership at all levels of decision-making in political, economic and public life",C050501,5.5.1 Proportion of seats held by women in (a) national parliaments and (b) local governments,5_5_1_OECD,Proportion of seats held by women in national parliaments,_T,Total,F,Female,_T,"Total, national average, or no breakdown",_T,Total,_T,Total,PT_W,Percentage of women,2025,,35.7,,OECD,OECD,0,Units,,,,,1,One
DATAFLOW,OECD.WISE.RSB:DSD_SDG@DF_SDG_G_5(2.0),Sustainable Development Goal 05 - Gender equality,I,DEU,Germany,G_5,Goal 5. Achieve gender equality and empower all women and girls,5_5,"5.5 Ensure women's full and effective participation and equal opportunities for leadership at all levels of decision-making in political, economic and public life",C050501,5.5.1 Proportion of seats held by women in (a) national parliaments and (b) local governments,5_5_1_OECD,Proportion of seats held by women in national parliaments,_T,Total,F,Female,_T,"Total, national average, or no breakdown",_T,Total,_T,Total,PT_W,Percentage of women,2021,,31.5,,OECD,OECD,0,Units,,,,,1,One
DATAFLOW,OECD.WISE.RSB:DSD_SDG@DF_SDG_G_5(2.0),Sustainable Development Goal 05 - Gender equality,I,FRA,France,G_5,Goal 5. Achieve gender equality and empower all women and girls,5_5,"5.5 Ensure women's full and effective participation and equal opportunities for leadership at all levels of decision-making in political, economic and public life",C050501,5.5.1 Proportion of seats held by women in (a) national parliaments and (b) local governments,5_5_1_OECD,Proportion of seats held by women in national parliaments,_T,Total,F,Female,_T,"Total, national average, or no breakdown",_T,Total,_T,Total,PT_W,Percentage of women,2021,,39.5,,OECD,OECD,0,Units,,,,,1,One
DATAFLOW,OECD.WISE.RSB:DSD_SDG@DF_SDG_G_5(2.0),Sustainable Development Goal 05 - Gender equality,I,FRA,France,G_5,Goal 5. Achieve gender equality and empower all women and girls,5_5,"5.5 Ensure women's full and effective participation and equal opportunities for leadership at all levels of decision-making in political, economic and public life",C050501,5.5.1 Proportion of seats held by women in (a) national parliaments and (b) local governments,5_5_1_OECD,Proportion of seats held by women in national parliaments,_T,Total,F,Female,_T,"Total, national average, or no breakdown",_T,Total,_T,Total,PT_W,Percentage of women,2023,,37.8,,OECD,OECD,0,Units,,,,,1,One
DATAFLOW,OECD.WISE.RSB:DSD_SDG@DF_SDG_G_5(2.0),Sustainable Development Goal 05 - Gender equality,I,FIN,Finland,G_5,Goal 5. Achieve gender equality and empower all women and girls,5_5,"5.5 Ensure women's full and effective participation and equal opportunities for leadership at all levels of decision-making in political, economic and public life",C050501,5.5.1 Proportion of seats held by women in (a) national parliaments and (b) local governments,5_5_1_OECD,Proportion of seats held by women in national parliaments,_T,Total,F,Female,_T,"Total, national average, or no breakdown",_T,Total,_T,Total,PT_W,Percentage of women,2021,,46,,OECD,OECD,0,Units,,,,,1,One
DATAFLOW,OECD.WISE.RSB:DSD_SDG@DF_SDG_G_5(2.0),Sustainable Development Goal 05 - Gender equality,I,FIN,Finland,G_5,Goal 5. Achieve gender equality and empower all women and girls,5_5,"5.5 Ensure women's full and effective participation and equal opportunities for leadership at all levels of decision-making in political, economic and public life",C050501,5.5.1 Proportion of seats held by women in (a) national parliaments and (b) local governments,5_5_1_OECD,Proportion of seats held by women in national parliaments,_T,Total,F,Female,_T,"Total, national average, or no breakdown",_T,Total,_T,Total,PT_W,Percentage of women,2023,,45.5,,OECD,OECD,0,Units,,,,,1,One
DATAFLOW,OECD.WISE.RSB:DSD_SDG@DF_SDG_G_5(2.0),Sustainable Development Goal 05 - Gender equality,I,EST,Estonia,G_5,Goal 5. Achieve gender equality and empower all women and girls,5_5,"5.5 Ensure women's full and effective participation and equal opportunities for leadership at all levels of decision-making in political, economic and public life",C050501,5.5.1 Proportion of seats held by women in (a) national parliaments and (b) local governments,5_5_1_OECD,Proportion of seats held by women in national parliaments,_T,Total,F,Female,_T,"Total, national average, or no breakdown",_T,Total,_T,Total,PT_W,Percentage of women,2021,,27.7,,OECD,OECD,0,Units,,,,,1,One
DATAFLOW,OECD.WISE.RSB:DSD_SDG@DF_SDG_G_5(2.0),Sustainable Development Goal 05 - Gender equality,I,EST,Estonia,G_5,Goal 5. Achieve gender equality and empower all women and girls,5_5,"5.5 Ensure women's full and effective participation and equal opportunities for leadership at all levels of decision-making in political, economic and public life",C050501,5.5.1 Proportion of seats held by women in (a) national parliaments and (b) local governments,5_5_1_OECD,Proportion of seats held by women in national parliaments,_T,Total,F,Female,_T,"Total, national average, or no breakdown",_T,Total,_T,Total,PT_W,Percentage of women,2023,,27.7,,OECD,OECD,0,Units,,,,,1,One
DATAFLOW,OECD.WISE.RSB:DSD_SDG@DF_SDG_G_5(2.0),Sustainable Development Goal 05 - Gender equality,I,DNK,Denmark,G_5,Goal 5. Achieve gender equality and empower all women and girls,5_5,"5.5 Ensure women's full and effective participation and equal opportunities for leadership at all levels of decision-making in political, economic and public life",C050501,5.5.1 Proportion of seats held by women in (a) national parliaments and (b) local governments,5_5_1_OECD,Proportion of seats held by women in national parliaments,_T,Total,F,Female,_T,"Total, national average, or no breakdown",_T,Total,_T,Total,PT_W,Percentage of women,2025,,43.6,,OECD,OECD,0,Units,,,,,1,One
DATAFLOW,OECD.WISE.RSB:DSD_SDG@DF_SDG_G_5(2.0),Sustainable Development Goal 05 - Gender equality,I,CHL,Chile,G_5,Goal 5. Achieve gender equality and empower all women and girls,5_5,"5.5 Ensure women's full and effective participation and equal opportunities for leadership at all levels of decision-making in political, economic and public life",C050501,5.5.1 Proportion of seats held by women in (a) national parliaments and (b) local governments,5_5_1_OECD,Proportion of seats held by women in national parliaments,_T,Total,F,Female,_T,"Total, national average, or no breakdown",_T,Total,_T,Total,PT_W,Percentage of women,2025,,35.1,,OECD,OECD,0,Units,,,,,1,One
DATAFLOW,OECD.WISE.RSB:DSD_SDG@DF_SDG_G_5(2.0),Sustainable Development Goal 05 - Gender equality,I,AUT,Austria,G_5,Goal 5. Achieve gender equality and empower all women and girls,5_5,"5.5 Ensure women's full and effective participation and equal opportunities for leadership at all levels of decision-making in political, economic and public life",C050501,5.5.1 Proportion of seats held by women in (a) national parliaments and (b) local governments,5_5_1_OECD,Proportion of seats held by women in national parliaments,_T,Total,F,Female,_T,"Total, national average, or no breakdown",_T,Total,_T,Total,PT_W,Percentage of women,2023,,40.4,,OECD,OECD,0,Units,,,,,1,One
DATAFLOW,OECD.WISE.RSB:DSD_SDG@DF_SDG_G_5(2.0),Sustainable Development Goal 05 - Gender equality,I,AUT,Austria,G_5,Goal 5. Achieve gender equality and empower all women and girls,5_5,"5.5 Ensure women's full and effective participation and equal opportunities for leadership at all levels of decision-making in political, economic and public life",C050501,5.5.1 Proportion of seats held by women in (a) national parliaments and (b) local governments,5_5_1_OECD,Proportion of seats held by women in national parliaments,_T,Total,F,Female,_T,"Total, national average, or no breakdown",_T,Total,_T,Total,PT_W,Percentage of women,2025,,36.1,,OECD,OECD,0,Units,,,,,1,One
DATAFLOW,OECD.WISE.RSB:DSD_SDG@DF_SDG_G_5(2.0),Sustainable Development Goal 05 - Gender equality,I,CRI,Costa Rica,G_5,Goal 5. Achieve gender equality and empower all women and girls,5_5,"5.5 Ensure women's full and effective participation and equal opportunities for leadership at all levels of decision-making in political, economic and public life",C050501,5.5.1 Proportion of seats held by women in (a) national parliaments and (b) local governments,5_5_1_OECD,Proportion of seats held by women in national parliaments,_T,Total,F,Female,_T,"Total, national average, or no breakdown",_T,Total,_T,Total,PT_W,Percentage of women,2023,,47.4,,OECD,OECD,0,Units,,,,,1,One
DATAFLOW,OECD.WISE.RSB:DSD_SDG@DF_SDG_G_5(2.0),Sustainable Development Goal 05 - Gender equality,I,TUR,Türkiye,G_5,Goal 5. Achieve gender equality and empower all women and girls,5_5,"5.5 Ensure women's full and effective participation and equal opportunities for leadership at all levels of decision-making in political, economic and public life",C050501,5.5.1 Proportion of seats held by women in (a) national parliaments and (b) local governments,5_5_1_OECD,Proportion of seats held by women in national parliaments,_T,Total,F,Female,_T,"Total, national average, or no breakdown",_T,Total,_T,Total,PT_W,Percentage of women,2021,,17.3,,OECD,OECD,0,Units,,,,,1,One
DATAFLOW,OECD.WISE.RSB:DSD_SDG@DF_SDG_G_5(2.0),Sustainable Development Goal 05 - Gender equality,I,TUR,Türkiye,G_5,Goal 5. Achieve gender equality and empower all women and girls,5_5,"5.5 Ensure women's full and effective participation and equal opportunities for leadership at all levels of decision-making in political, economic and public life",C050501,5.5.1 Proportion of seats held by women in (a) national parliaments and (b) local governments,5_5_1_OECD,Proportion of seats held by women in national parliaments,_T,Total,F,Female,_T,"Total, national average, or no breakdown",_T,Total,_T,Total,PT_W,Percentage of women,2023,,17.4,,OECD,OECD,0,Units,,,,,1,One
DATAFLOW,OECD.WISE.RSB:DSD_SDG@DF_SDG_G_5(2.0),Sustainable Development Goal 05 - Gender equality,I,TUR,Türkiye,G_5,Goal 5. Achieve gender equality and empower all women and girls,5_5,"5.5 Ensure women's full and effective participation and equal opportunities for leadership at all levels of decision-making in political, economic and public life",C050501,5.5.1 Proportion of seats held by women in (a) national parliaments and (b) local governments,5_5_1_OECD,Proportion of seats held by women in national parliaments,_T,Total,F,Female,_T,"Total, national average, or no breakdown",_T,Total,_T,Total,PT_W,Percentage of women,2025,,19.9,,OECD,OECD,0,Units,,,,,1,One
DATAFLOW,OECD.WISE.RSB:DSD_SDG@DF_SDG_G_5(2.0),Sustainable Development Goal 05 - Gender equality,I,CHE,Switzerland,G_5,Goal 5. Achieve gender equality and empower all women and girls,5_5,"5.5 Ensure women's full and effective participation and equal opportunities for leadership at all levels of decision-making in political, economic and public life",C050501,5.5.1 Proportion of seats held by women in (a) national parliaments and (b) local governments,5_5_1_OECD,Proportion of seats held by women in national parliaments,_T,Total,F,Female,_T,"Total, national average, or no breakdown",_T,Total,_T,Total,PT_W,Percentage of women,2021,,42,,OECD,OECD,0,Units,,,,,1,One
DATAFLOW,OECD.WISE.RSB:DSD_SDG@DF_SDG_G_5(2.0),Sustainable Development Goal 05 - Gender equality,I,CHE,Switzerland,G_5,Goal 5. Achieve gender equality and empower all women and girls,5_5,"5.5 Ensure women's full and effective participation and equal opportunities for leadership at all levels of decision-making in political, economic and public life",C050501,5.5.1 Proportion of seats held by women in (a) national parliaments and (b) local governments,5_5_1_OECD,Proportion of seats held by women in national parliaments,_T,Total,F,Female,_T,"Total, national average, or no breakdown",_T,Total,_T,Total,PT_W,Percentage of women,2023,,41.7,,OECD,OECD,0,Units,,,,,1,One
DATAFLOW,OECD.WISE.RSB:DSD_SDG@DF_SDG_G_5(2.0),Sustainable Development Goal 05 - Gender equality,I,CHE,Switzerland,G_5,Goal 5. Achieve gender equality and empower all women and girls,5_5,"5.5 Ensure women's full and effective participation and equal opportunities for leadership at all levels of decision-making in political, economic and public life",C050501,5.5.1 Proportion of seats held by women in (a) national parliaments and (b) local governments,5_5_1_OECD,Proportion of seats held by women in national parliaments,_T,Total,F,Female,_T,"Total, national average, or no breakdown",_T,Total,_T,Total,PT_W,Percentage of women,2025,,38.5,,OECD,OECD,0,Units,,,,,1,One
DATAFLOW,OECD.WISE.RSB:DSD_SDG@DF_SDG_G_5(2.0),Sustainable Development Goal 05 - Gender equality,I,SWE,Sweden,G_5,Goal 5. Achieve gender equality and empower all women and girls,5_5,"5.5 Ensure women's full and effective participation and equal opportunities for leadership at all levels of decision-making in political, economic and public life",C050501,5.5.1 Proportion of seats held by women in (a) national parliaments and (b) local governments,5_5_1_OECD,Proportion of seats held by women in national parliaments,_T,Total,F,Female,_T,"Total, national average, or no breakdown",_T,Total,_T,Total,PT_W,Percentage of women,2021,,47,,OECD,OECD,0,Units,,,,,1,One
DATAFLOW,OECD.WISE.RSB:DSD_SDG@DF_SDG_G_5(2.0),Sustainable Development Goal 05 - Gender equality,I,SWE,Sweden,G_5,Goal 5. Achieve gender equality and empower all women and girls,5_5,"5.5 Ensure women's full and effective participation and equal opportunities for leadership at all levels of decision-making in political, economic and public life",C050501,5.5.1 Proportion of seats held by women in (a) national parliaments and (b) local governments,5_5_1_OECD,Proportion of seats held by women in national parliaments,_T,Total,F,Female,_T,"Total, national average, or no breakdown",_T,Total,_T,Total,PT_W,Percentage of women,2023,,46.4,,OECD,OECD,0,Units,,,,,1,One
DATAFLOW,OECD.WISE.RSB:DSD_SDG@DF_SDG_G_5(2.0),Sustainable Development Goal 05 - Gender equality,I,SWE,Sweden,G_5,Goal 5. Achieve gender equality and empower all women and girls,5_5,"5.5 Ensure women's full and effective participation and equal opportunities for leadership at all levels of decision-making in political, economic and public life",C050501,5.5.1 Proportion of seats held by women in (a) national parliaments and (b) local governments,5_5_1_OECD,Proportion of seats held by women in national parliaments,_T,Total,F,Female,_T,"Total, national average, or no breakdown",_T,Total,_T,Total,PT_W,Percentage of women,2025,,45,,OECD,OECD,0,Units,,,,,1,One
DATAFLOW,OECD.WISE.RSB:DSD_SDG@DF_SDG_G_5(2.0),Sustainable Development Goal 05 - Gender equality,I,ESP,Spain,G_5,Goal 5. Achieve gender equality and empower all women and girls,5_5,"5.5 Ensure women's full and effective participation and equal opportunities for leadership at all levels of decision-making in political, economic and public life",C050501,5.5.1 Proportion of seats held by women in (a) national parliaments and (b) local governments,5_5_1_OECD,Proportion of seats held by women in national parliaments,_T,Total,F,Female,_T,"Total, national average, or no breakdown",_T,Total,_T,Total,PT_W,Percentage of women,2021,,44,,OECD,OECD,0,Units,,,,,1,One
DATAFLOW,OECD.WISE.RSB:DSD_SDG@DF_SDG_G_5(2.0),Sustainable Development Goal 05 - Gender equality,I,ESP,Spain,G_5,Goal 5. Achieve gender equality and empower all women and girls,5_5,"5.5 Ensure women's full and effective participation and equal opportunities for leadership at all levels of decision-making in political, economic and public life",C050501,5.5.1 Proportion of seats held by women in (a) national parliaments and (b) local governments,5_5_1_OECD,Proportion of seats held by women in national parliaments,_T,Total,F,Female,_T,"Total, national average, or no breakdown",_T,Total,_T,Total,PT_W,Percentage of women,2023,,42.4,,OECD,OECD,0,Units,,,,,1,One
DATAFLOW,OECD.WISE.RSB:DSD_SDG@DF_SDG_G_5(2.0),Sustainable Development Goal 05 - Gender equality,I,ESP,Spain,G_5,Goal 5. Achieve gender equality and empower all women and girls,5_5,"5.5 Ensure women's full and effective participation and equal opportunities for leadership at all levels of decision-making in political, economic and public life",C050501,5.5.1 Proportion of seats held by women in (a) national parliaments and (b) local governments,5_5_1_OECD,Proportion of seats held by women in national parliaments,_T,Total,F,Female,_T,"Total, national average, or no breakdown",_T,Total,_T,Total,PT_W,Percentage of women,2025,,44.3,,OECD,OECD,0,Units,,,,,1,One
DATAFLOW,OECD.WISE.RSB:DSD_SDG@DF_SDG_G_5(2.0),Sustainable Development Goal 05 - Gender equality,I,SVN,Slovenia,G_5,Goal 5. Achieve gender equality and empower all women and girls,5_5,"5.5 Ensure women's full and effective participation and equal opportunities for leadership at all levels of decision-making in political, economic and public life",C050501,5.5.1 Proportion of seats held by women in (a) national parliaments and (b) local governments,5_5_1_OECD,Proportion of seats held by women in national parliaments,_T,Total,F,Female,_T,"Total, national average, or no breakdown",_T,Total,_T,Total,PT_W,Percentage of women,2021,,26.7,,OECD,OECD,0,Units,,,,,1,One
DATAFLOW,OECD.WISE.RSB:DSD_SDG@DF_SDG_G_5(2.0),Sustainable Development Goal 05 - Gender equality,I,SVN,Slovenia,G_5,Goal 5. Achieve gender equality and empower all women and girls,5_5,"5.5 Ensure women's full and effective participation and equal opportunities for leadership at all levels of decision-making in political, economic and public life",C050501,5.5.1 Proportion of seats held by women in (a) national parliaments and (b) local governments,5_5_1_OECD,Proportion of seats held by women in national parliaments,_T,Total,F,Female,_T,"Total, national average, or no breakdown",_T,Total,_T,Total,PT_W,Percentage of women,2023,,37.8,,OECD,OECD,0,Units,,,,,1,One
DATAFLOW,OECD.WISE.RSB:DSD_SDG@DF_SDG_G_5(2.0),Sustainable Development Goal 05 - Gender equality,I,SVN,Slovenia,G_5,Goal 5. Achieve gender equality and empower all women and girls,5_5,"5.5 Ensure women's full and effective participation and equal opportunities for leadership at all levels of decision-making in political, economic and public life",C050501,5.5.1 Proportion of seats held by women in (a) national parliaments and (b) local governments,5_5_1_OECD,Proportion of seats held by women in national parliaments,_T,Total,F,Female,_T,"Total, national average, or no breakdown",_T,Total,_T,Total,PT_W,Percentage of women,2025,,35.6,,OECD,OECD,0,Units,,,,,1,One
DATAFLOW,OECD.WISE.RSB:DSD_SDG@DF_SDG_G_5(2.0),Sustainable Development Goal 05 - Gender equality,I,SVK,Slovak Republic,G_5,Goal 5. Achieve gender equality and empower all women and girls,5_5,"5.5 Ensure women's full and effective participation and equal opportunities for leadership at all levels of decision-making in political, economic and public life",C050501,5.5.1 Proportion of seats held by women in (a) national parliaments and (b) local governments,5_5_1_OECD,Proportion of seats held by women in national parliaments,_T,Total,F,Female,_T,"Total, national average, or no breakdown",_T,Total,_T,Total,PT_W,Percentage of women,2021,,22.7,,OECD,OECD,0,Units,,,,,1,One
DATAFLOW,OECD.WISE.RSB:DSD_SDG@DF_SDG_G_5(2.0),Sustainable Development Goal 05 - Gender equality,I,SVK,Slovak Republic,G_5,Goal 5. Achieve gender equality and empower all women and girls,5_5,"5.5 Ensure women's full and effective participation and equal opportunities for leadership at all levels of decision-making in political, economic and public life",C050501,5.5.1 Proportion of seats held by women in (a) national parliaments and (b) local governments,5_5_1_OECD,Proportion of seats held by women in national parliaments,_T,Total,F,Female,_T,"Total, national average, or no breakdown",_T,Total,_T,Total,PT_W,Percentage of women,2023,,22,,OECD,OECD,0,Units,,,,,1,One
DATAFLOW,OECD.WISE.RSB:DSD_SDG@DF_SDG_G_5(2.0),Sustainable Development Goal 05 - Gender equality,I,SVK,Slovak Republic,G_5,Goal 5. Achieve gender equality and empower all women and girls,5_5,"5.5 Ensure women's full and effective participation and equal opportunities for leadership at all levels of decision-making in political, economic and public life",C050501,5.5.1 Proportion of seats held by women in (a) national parliaments and (b) local governments,5_5_1_OECD,Proportion of seats held by women in national parliaments,_T,Total,F,Female,_T,"Total, national average, or no breakdown",_T,Total,_T,Total,PT_W,Percentage of women,2025,,23.3,,OECD,OECD,0,Units,,,,,1,One
DATAFLOW,OECD.WISE.RSB:DSD_SDG@DF_SDG_G_5(2.0),Sustainable Development Goal 05 - Gender equality,I,PRT,Portugal,G_5,Goal 5. Achieve gender equality and empower all women and girls,5_5,"5.5 Ensure women's full and effective participation and equal opportunities for leadership at all levels of decision-making in political, economic and public life",C050501,5.5.1 Proportion of seats held by women in (a) national parliaments and (b) local governments,5_5_1_OECD,Proportion of seats held by women in national parliaments,_T,Total,F,Female,_T,"Total, national average, or no breakdown",_T,Total,_T,Total,PT_W,Percentage of women,2021,,40,,OECD,OECD,0,Units,,,,,1,One
DATAFLOW,OECD.WISE.RSB:DSD_SDG@DF_SDG_G_5(2.0),Sustainable Development Goal 05 - Gender equality,I,PRT,Portugal,G_5,Goal 5. Achieve gender equality and empower all women and girls,5_5,"5.5 Ensure women's full and effective participation and equal opportunities for leadership at all levels of decision-making in political, economic and public life",C050501,5.5.1 Proportion of seats held by women in (a) national parliaments and (b) local governments,5_5_1_OECD,Proportion of seats held by women in national parliaments,_T,Total,F,Female,_T,"Total, national average, or no breakdown",_T,Total,_T,Total,PT_W,Percentage of women,2023,,36.1,,OECD,OECD,0,Units,,,,,1,One
DATAFLOW,OECD.WISE.RSB:DSD_SDG@DF_SDG_G_5(2.0),Sustainable Development Goal 05 - Gender equality,I,PRT,Portugal,G_5,Goal 5. Achieve gender equality and empower all women and girls,5_5,"5.5 Ensure women's full and effective participation and equal opportunities for leadership at all levels of decision-making in political, economic and public life",C050501,5.5.1 Proportion of seats held by women in (a) national parliaments and (b) local governments,5_5_1_OECD,Proportion of seats held by women in national parliaments,_T,Total,F,Female,_T,"Total, national average, or no breakdown",_T,Total,_T,Total,PT_W,Percentage of women,2025,,34.8,,OECD,OECD,0,Units,,,,,1,One
DATAFLOW,OECD.WISE.RSB:DSD_SDG@DF_SDG_G_5(2.0),Sustainable Development Goal 05 - Gender equality,I,POL,Poland,G_5,Goal 5. Achieve gender equality and empower all women and girls,5_5,"5.5 Ensure women's full and effective participation and equal opportunities for leadership at all levels of decision-making in political, economic and public life",C050501,5.5.1 Proportion of seats held by women in (a) national parliaments and (b) local governments,5_5_1_OECD,Proportion of seats held by women in national parliaments,_T,Total,F,Female,_T,"Total, national average, or no breakdown",_T,Total,_T,Total,PT_W,Percentage of women,2021,,28.3,,OECD,OECD,0,Units,,,,,1,One
DATAFLOW,OECD.WISE.RSB:DSD_SDG@DF_SDG_G_5(2.0),Sustainable Development Goal 05 - Gender equality,I,POL,Poland,G_5,Goal 5. Achieve gender equality and empower all women and girls,5_5,"5.5 Ensure women's full and effective participation and equal opportunities for leadership at all levels of decision-making in political, economic and public life",C050501,5.5.1 Proportion of seats held by women in (a) national parliaments and (b) local governments,5_5_1_OECD,Proportion of seats held by women in national parliaments,_T,Total,F,Female,_T,"Total, national average, or no breakdown",_T,Total,_T,Total,PT_W,Percentage of women,2023,,28.3,,OECD,OECD,0,Units,,,,,1,One
DATAFLOW,OECD.WISE.RSB:DSD_SDG@DF_SDG_G_5(2.0),Sustainable Development Goal 05 - Gender equality,I,POL,Poland,G_5,Goal 5. Achieve gender equality and empower all women and girls,5_5,"5.5 Ensure women's full and effective participation and equal opportunities for leadership at all levels of decision-making in political, economic and public life",C050501,5.5.1 Proportion of seats held by women in (a) national parliaments and (b) local governments,5_5_1_OECD,Proportion of seats held by women in national parliaments,_T,Total,F,Female,_T,"Total, national average, or no breakdown",_T,Total,_T,Total,PT_W,Percentage of women,2025,,31.3,,OECD,OECD,0,Units,,,,,1,One
DATAFLOW,OECD.WISE.RSB:DSD_SDG@DF_SDG_G_5(2.0),Sustainable Development Goal 05 - Gender equality,I,NOR,Norway,G_5,Goal 5. Achieve gender equality and empower all women and girls,5_5,"5.5 Ensure women's full and effective participation and equal opportunities for leadership at all levels of decision-making in political, economic and public life",C050501,5.5.1 Proportion of seats held by women in (a) national parliaments and (b) local governments,5_5_1_OECD,Proportion of seats held by women in national parliaments,_T,Total,F,Female,_T,"Total, national average, or no breakdown",_T,Total,_T,Total,PT_W,Percentage of women,2021,,44.4,,OECD,OECD,0,Units,,,,,1,One
DATAFLOW,OECD.WISE.RSB:DSD_SDG@DF_SDG_G_5(2.0),Sustainable Development Goal 05 - Gender equality,I,NOR,Norway,G_5,Goal 5. Achieve gender equality and empower all women and girls,5_5,"5.5 Ensure women's full and effective participation and equal opportunities for leadership at all levels of decision-making in political, economic and public life",C050501,5.5.1 Proportion of seats held by women in (a) national parliaments and (b) local governments,5_5_1_OECD,Proportion of seats held by women in national parliaments,_T,Total,F,Female,_T,"Total, national average, or no breakdown",_T,Total,_T,Total,PT_W,Percentage of women,2023,,46.2,,OECD,OECD,0,Units,,,,,1,One
DATAFLOW,OECD.WISE.RSB:DSD_SDG@DF_SDG_G_5(2.0),Sustainable Development Goal 05 - Gender equality,I,NOR,Norway,G_5,Goal 5. Achieve gender equality and empower all women and girls,5_5,"5.5 Ensure women's full and effective participation and equal opportunities for leadership at all levels of decision-making in political, economic and public life",C050501,5.5.1 Proportion of seats held by women in (a) national parliaments and (b) local governments,5_5_1_OECD,Proportion of seats held by women in national parliaments,_T,Total,F,Female,_T,"Total, national average, or no breakdown",_T,Total,_T,Total,PT_W,Percentage of women,2025,,44.4,,OECD,OECD,0,Units,,,,,1,One
DATAFLOW,OECD.WISE.RSB:DSD_SDG@DF_SDG_G_5(2.0),Sustainable Development Goal 05 - Gender equality,I,NZL,New Zealand,G_5,Goal 5. Achieve gender equality and empower all women and girls,5_5,"5.5 Ensure women's full and effective participation and equal opportunities for leadership at all levels of decision-making in political, economic and public life",C050501,5.5.1 Proportion of seats held by women in (a) national parliaments and (b) local governments,5_5_1_OECD,Proportion of seats held by women in national parliaments,_T,Total,F,Female,_T,"Total, national average, or no breakdown",_T,Total,_T,Total,PT_W,Percentage of women,2021,,48.3,,OECD,OECD,0,Units,,,,,1,One
DATAFLOW,OECD.WISE.RSB:DSD_SDG@DF_SDG_G_5(2.0),Sustainable Development Goal 05 - Gender equality,I,NZL,New Zealand,G_5,Goal 5. Achieve gender equality and empower all women and girls,5_5,"5.5 Ensure women's full and effective participation and equal opportunities for leadership at all levels of decision-making in political, economic and public life",C050501,5.5.1 Proportion of seats held by women in (a) national parliaments and (b) local governments,5_5_1_OECD,Proportion of seats held by women in national parliaments,_T,Total,F,Female,_T,"Total, national average, or no breakdown",_T,Total,_T,Total,PT_W,Percentage of women,2023,,50,,OECD,OECD,0,Units,,,,,1,One
DATAFLOW,OECD.WISE.RSB:DSD_SDG@DF_SDG_G_5(2.0),Sustainable Development Goal 05 - Gender equality,I,NZL,New Zealand,G_5,Goal 5. Achieve gender equality and empower all women and girls,5_5,"5.5 Ensure women's full and effective participation and equal opportunities for leadership at all levels of decision-making in political, economic and public life",C050501,5.5.1 Proportion of seats held by women in (a) national parliaments and (b) local governments,5_5_1_OECD,Proportion of seats held by women in national parliaments,_T,Total,F,Female,_T,"Total, national average, or no breakdown",_T,Total,_T,Total,PT_W,Percentage of women,2025,,45.5,,OECD,OECD,0,Units,,,,,1,One
DATAFLOW,OECD.WISE.RSB:DSD_SDG@DF_SDG_G_5(2.0),Sustainable Development Goal 05 - Gender equality,I,NLD,Netherlands,G_5,Goal 5. Achieve gender equality and empower all women and girls,5_5,"5.5 Ensure women's full and effective participation and equal opportunities for leadership at all levels of decision-making in political, economic and public life",C050501,5.5.1 Proportion of seats held by women in (a) national parliaments and (b) local governments,5_5_1_OECD,Proportion of seats held by women in national parliaments,_T,Total,F,Female,_T,"Total, national average, or no breakdown",_T,Total,_T,Total,PT_W,Percentage of women,2021,,33.3,,OECD,OECD,0,Units,,,,,1,One
DATAFLOW,OECD.WISE.RSB:DSD_SDG@DF_SDG_G_5(2.0),Sustainable Development Goal 05 - Gender equality,I,NLD,Netherlands,G_5,Goal 5. Achieve gender equality and empower all women and girls,5_5,"5.5 Ensure women's full and effective participation and equal opportunities for leadership at all levels of decision-making in political, economic and public life",C050501,5.5.1 Proportion of seats held by women in (a) national parliaments and (b) local governments,5_5_1_OECD,Proportion of seats held by women in national parliaments,_T,Total,F,Female,_T,"Total, national average, or no breakdown",_T,Total,_T,Total,PT_W,Percentage of women,2023,,40.7,,OECD,OECD,0,Units,,,,,1,One
DATAFLOW,OECD.WISE.RSB:DSD_SDG@DF_SDG_G_5(2.0),Sustainable Development Goal 05 - Gender equality,I,MEX,Mexico,G_5,Goal 5. Achieve gender equality and empower all women and girls,5_5,"5.5 Ensure women's full and effective participation and equal opportunities for leadership at all levels of decision-making in political, economic and public life",C050501,5.5.1 Proportion of seats held by women in (a) national parliaments and (b) local governments,5_5_1_OECD,Proportion of seats held by women in national parliaments,_T,Total,F,Female,_T,"Total, national average, or no breakdown",_T,Total,_T,Total,PT_W,Percentage of women,2021,,48.2,,OECD,OECD,0,Units,,,,,1,One
DATAFLOW,OECD.WISE.RSB:DSD_SDG@DF_SDG_G_5(2.0),Sustainable Development Goal 05 - Gender equality,I,MEX,Mexico,G_5,Goal 5. Achieve gender equality and empower all women and girls,5_5,"5.5 Ensure women's full and effective participation and equal opportunities for leadership at all levels of decision-making in political, economic and public life",C050501,5.5.1 Proportion of seats held by women in (a) national parliaments and (b) local governments,5_5_1_OECD,Proportion of seats held by women in national parliaments,_T,Total,F,Female,_T,"Total, national average, or no breakdown",_T,Total,_T,Total,PT_W,Percentage of women,2023,,50,,OECD,OECD,0,Units,,,,,1,One
DATAFLOW,OECD.WISE.RSB:DSD_SDG@DF_SDG_G_5(2.0),Sustainable Development Goal 05 - Gender equality,I,LUX,Luxembourg,G_5,Goal 5. Achieve gender equality and empower all women and girls,5_5,"5.5 Ensure women's full and effective participation and equal opportunities for leadership at all levels of decision-making in political, economic and public life",C050501,5.5.1 Proportion of seats held by women in (a) national parliaments and (b) local governments,5_5_1_OECD,Proportion of seats held by women in national parliaments,_T,Total,F,Female,_T,"Total, national average, or no breakdown",_T,Total,_T,Total,PT_W,Percentage of women,2021,,31.7,,OECD,OECD,0,Units,,,,,1,One
DATAFLOW,OECD.WISE.RSB:DSD_SDG@DF_SDG_G_5(2.0),Sustainable Development Goal 05 - Gender equality,I,LUX,Luxembourg,G_5,Goal 5. Achieve gender equality and empower all women and girls,5_5,"5.5 Ensure women's full and effective participation and equal opportunities for leadership at all levels of decision-making in political, economic and public life",C050501,5.5.1 Proportion of seats held by women in (a) national parliaments and (b) local governments,5_5_1_OECD,Proportion of seats held by women in national parliaments,_T,Total,F,Female,_T,"Total, national average, or no breakdown",_T,Total,_T,Total,PT_W,Percentage of women,2023,,35,,OECD,OECD,0,Units,,,,,1,One
DATAFLOW,OECD.WISE.RSB:DSD_SDG@DF_SDG_G_5(2.0),Sustainable Development Goal 05 - Gender equality,I,LTU,Lithuania,G_5,Goal 5. Achieve gender equality and empower all women and girls,5_5,"5.5 Ensure women's full and effective participation and equal opportunities for leadership at all levels of decision-making in political, economic and public life",C050501,5.5.1 Proportion of seats held by women in (a) national parliaments and (b) local governments,5_5_1_OECD,Proportion of seats held by women in national parliaments,_T,Total,F,Female,_T,"Total, national average, or no breakdown",_T,Total,_T,Total,PT_W,Percentage of women,2021,,27.7,,OECD,OECD,0,Units,,,,,1,One
DATAFLOW,OECD.WISE.RSB:DSD_SDG@DF_SDG_G_5(2.0),Sustainable Development Goal 05 - Gender equality,I,LTU,Lithuania,G_5,Goal 5. Achieve gender equality and empower all women and girls,5_5,"5.5 Ensure women's full and effective participation and equal opportunities for leadership at all levels of decision-making in political, economic and public life",C050501,5.5.1 Proportion of seats held by women in (a) national parliaments and (b) local governments,5_5_1_OECD,Proportion of seats held by women in national parliaments,_T,Total,F,Female,_T,"Total, national average, or no breakdown",_T,Total,_T,Total,PT_W,Percentage of women,2023,,28.4,,OECD,OECD,0,Units,,,,,1,One
DATAFLOW,OECD.WISE.RSB:DSD_SDG@DF_SDG_G_5(2.0),Sustainable Development Goal 05 - Gender equality,I,LVA,Latvia,G_5,Goal 5. Achieve gender equality and empower all women and girls,5_5,"5.5 Ensure women's full and effective participation and equal opportunities for leadership at all levels of decision-making in political, economic and public life",C050501,5.5.1 Proportion of seats held by women in (a) national parliaments and (b) local governments,5_5_1_OECD,Proportion of seats held by women in national parliaments,_T,Total,F,Female,_T,"Total, national average, or no breakdown",_T,Total,_T,Total,PT_W,Percentage of women,2021,,29,,OECD,OECD,0,Units,,,,,1,One
DATAFLOW,OECD.WISE.RSB:DSD_SDG@DF_SDG_G_5(2.0),Sustainable Development Goal 05 - Gender equality,I,LVA,Latvia,G_5,Goal 5. Achieve gender equality and empower all women and girls,5_5,"5.5 Ensure women's full and effective participation and equal opportunities for leadership at all levels of decision-making in political, economic and public life",C050501,5.5.1 Proportion of seats held by women in (a) national parliaments and (b) local governments,5_5_1_OECD,Proportion of seats held by women in national parliaments,_T,Total,F,Female,_T,"Total, national average, or no breakdown",_T,Total,_T,Total,PT_W,Percentage of women,2023,,29,,OECD,OECD,0,Units,,,,,1,One
DATAFLOW,OECD.WISE.RSB:DSD_SDG@DF_SDG_G_5(2.0),Sustainable Development Goal 05 - Gender equality,I,KOR,Korea,G_5,Goal 5. Achieve gender equality and empower all women and girls,5_5,"5.5 Ensure women's full and effective participation and equal opportunities for leadership at all levels of decision-making in political, economic and public life",C050501,5.5.1 Proportion of seats held by women in (a) national parliaments and (b) local governments,5_5_1_OECD,Proportion of seats held by women in national parliaments,_T,Total,F,Female,_T,"Total, national average, or no breakdown",_T,Total,_T,Total,PT_W,Percentage of women,2021,,19,,OECD,OECD,0,Units,,,,,1,One
DATAFLOW,OECD.WISE.RSB:DSD_SDG@DF_SDG_G_5(2.0),Sustainable Development Goal 05 - Gender equality,I,BEL,Belgium,G_5,Goal 5. Achieve gender equality and empower all women and girls,5_5,"5.5 Ensure women's full and effective participation and equal opportunities for leadership at all levels of decision-making in political, economic and public life",C050501,5.5.1 Proportion of seats held by women in (a) national parliaments and (b) local governments,5_5_1_OECD,Proportion of seats held by women in national parliaments,_T,Total,F,Female,_T,"Total, national average, or no breakdown",_T,Total,_T,Total,PT_W,Percentage of women,2023,,42.7,,OECD,OECD,0,Units,,,,,1,One
DATAFLOW,OECD.WISE.RSB:DSD_SDG@DF_SDG_G_5(2.0),Sustainable Development Goal 05 - Gender equality,I,CZE,Czechia,G_5,Goal 5. Achieve gender equality and empower all women and girls,5_5,"5.5 Ensure women's full and effective participation and equal opportunities for leadership at all levels of decision-making in political, economic and public life",C050501,5.5.1 Proportion of seats held by women in (a) national parliaments and (b) local governments,5_5_1_OECD,Proportion of seats held by women in national parliaments,_T,Total,F,Female,_T,"Total, national average, or no breakdown",_T,Total,_T,Total,PT_W,Percentage of women,2023,,26,,OECD,OECD,0,Units,,,,,1,One
DATAFLOW,OECD.WISE.RSB:DSD_SDG@DF_SDG_G_5(2.0),Sustainable Development Goal 05 - Gender equality,I,CZE,Czechia,G_5,Goal 5. Achieve gender equality and empower all women and girls,5_5,"5.5 Ensure women's full and effective participation and equal opportunities for leadership at all levels of decision-making in political, economic and public life",C050501,5.5.1 Proportion of seats held by women in (a) national parliaments and (b) local governments,5_5_1_OECD,Proportion of seats held by women in national parliaments,_T,Total,F,Female,_T,"Total, national average, or no breakdown",_T,Total,_T,Total,PT_W,Percentage of women,2025,,25.5,,OECD,OECD,0,Units,,,,,1,One
DATAFLOW,OECD.WISE.RSB:DSD_SDG@DF_SDG_G_5(2.0),Sustainable Development Goal 05 - Gender equality,I,CRI,Costa Rica,G_5,Goal 5. Achieve gender equality and empower all women and girls,5_5,"5.5 Ensure women's full and effective participation and equal opportunities for leadership at all levels of decision-making in political, economic and public life",C050501,5.5.1 Proportion of seats held by women in (a) national parliaments and (b) local governments,5_5_1_OECD,Proportion of seats held by women in national parliaments,_T,Total,F,Female,_T,"Total, national average, or no breakdown",_T,Total,_T,Total,PT_W,Percentage of women,2021,,45.6,,OECD,OECD,0,Units,,,,,1,One
DATAFLOW,OECD.WISE.RSB:DSD_SDG@DF_SDG_G_5(2.0),Sustainable Development Goal 05 - Gender equality,I,CZE,Czechia,G_5,Goal 5. Achieve gender equality and empower all women and girls,5_5,"5.5 Ensure women's full and effective participation and equal opportunities for leadership at all levels of decision-making in political, economic and public life",C050501,5.5.1 Proportion of seats held by women in (a) national parliaments and (b) local governments,5_5_1_OECD,Proportion of seats held by women in national parliaments,_T,Total,F,Female,_T,"Total, national average, or no breakdown",_T,Total,_T,Total,PT_W,Percentage of women,2021,,23,,OECD,OECD,0,Units,,,,,1,One
DATAFLOW,OECD.WISE.RSB:DSD_SDG@DF_SDG_G_5(2.0),Sustainable Development Goal 05 - Gender equality,I,AUS,Australia,G_5,Goal 5. Achieve gender equality and empower all women and girls,5_5,"5.5 Ensure women's full and effective participation and equal opportunities for leadership at all levels of decision-making in political, economic and public life",C050501,5.5.1 Proportion of seats held by women in (a) national parliaments and (b) local governments,5_5_1_OECD,Proportion of seats held by women in national parliaments,_T,Total,F,Female,_T,"Total, national average, or no breakdown",_T,Total,_T,Total,PT_W,Percentage of women,2021,,31.1,,OECD,OECD,0,Units,,,,,1,One
DATAFLOW,OECD.WISE.RSB:DSD_SDG@DF_SDG_G_5(2.0),Sustainable Development Goal 05 - Gender equality,I,AUS,Australia,G_5,Goal 5. Achieve gender equality and empower all women and girls,5_5,"5.5 Ensure women's full and effective participation and equal opportunities for leadership at all levels of decision-making in political, economic and public life",C050501,5.5.1 Proportion of seats held by women in (a) national parliaments and (b) local governments,5_5_1_OECD,Proportion of seats held by women in national parliaments,_T,Total,F,Female,_T,"Total, national average, or no breakdown",_T,Total,_T,Total,PT_W,Percentage of women,2023,,38.4,,OECD,OECD,0,Units,,,,,1,One
DATAFLOW,OECD.WISE.RSB:DSD_SDG@DF_SDG_G_5(2.0),Sustainable Development Goal 05 - Gender equality,I,GBR,United Kingdom,G_5,Goal 5. Achieve gender equality and empower all women and girls,5_5,"5.5 Ensure women's full and effective participation and equal opportunities for leadership at all levels of decision-making in political, economic and public life",C050501,5.5.1 Proportion of seats held by women in (a) national parliaments and (b) local governments,5_5_1_OECD,Proportion of seats held by women in national parliaments,_T,Total,F,Female,_T,"Total, national average, or no breakdown",_T,Total,_T,Total,PT_W,Percentage of women,2021,,33.9,,OECD,OECD,0,Units,,,,,1,One
DATAFLOW,OECD.WISE.RSB:DSD_SDG@DF_SDG_G_5(2.0),Sustainable Development Goal 05 - Gender equality,I,GBR,United Kingdom,G_5,Goal 5. Achieve gender equality and empower all women and girls,5_5,"5.5 Ensure women's full and effective participation and equal opportunities for leadership at all levels of decision-making in political, economic and public life",C050501,5.5.1 Proportion of seats held by women in (a) national parliaments and (b) local governments,5_5_1_OECD,Proportion of seats held by women in national parliaments,_T,Total,F,Female,_T,"Total, national average, or no breakdown",_T,Total,_T,Total,PT_W,Percentage of women,2023,,34.5,,OECD,OECD,0,Units,,,,,1,One
DATAFLOW,OECD.WISE.RSB:DSD_SDG@DF_SDG_G_5(2.0),Sustainable Development Goal 05 - Gender equality,I,GBR,United Kingdom,G_5,Goal 5. Achieve gender equality and empower all women and girls,5_5,"5.5 Ensure women's full and effective participation and equal opportunities for leadership at all levels of decision-making in political, economic and public life",C050501,5.5.1 Proportion of seats held by women in (a) national parliaments and (b) local governments,5_5_1_OECD,Proportion of seats held by women in national parliaments,_T,Total,F,Female,_T,"Total, national average, or no breakdown",_T,Total,_T,Total,PT_W,Percentage of women,2025,,40.5,,OECD,OECD,0,Units,,,,,1,One
DATAFLOW,OECD.WISE.RSB:DSD_SDG@DF_SDG_G_5(2.0),Sustainable Development Goal 05 - Gender equality,I,JPN,Japan,G_5,Goal 5. Achieve gender equality and empower all women and girls,5_5,"5.5 Ensure women's full and effective participation and equal opportunities for leadership at all levels of decision-making in political, economic and public life",C050501,5.5.1 Proportion of seats held by women in (a) national parliaments and (b) local governments,5_5_1_OECD,Proportion of seats held by women in national parliaments,_T,Total,F,Female,_T,"Total, national average, or no breakdown",_T,Total,_T,Total,PT_W,Percentage of women,2021,,9.9,,OECD,OECD,0,Units,,,,,1,One
DATAFLOW,OECD.WISE.RSB:DSD_SDG@DF_SDG_G_5(2.0),Sustainable Development Goal 05 - Gender equality,I,BEL,Belgium,G_5,Goal 5. Achieve gender equality and empower all women and girls,5_5,"5.5 Ensure women's full and effective participation and equal opportunities for leadership at all levels of decision-making in political, economic and public life",C050501,5.5.1 Proportion of seats held by women in (a) national parliaments and (b) local governments,5_5_1_OECD,Proportion of seats held by women in national parliaments,_T,Total,F,Female,_T,"Total, national average, or no breakdown",_T,Total,_T,Total,PT_W,Percentage of women,2021,,42,,OECD,OECD,0,Units,,,,,1,One
DATAFLOW,OECD.WISE.RSB:DSD_SDG@DF_SDG_G_5(2.0),Sustainable Development Goal 05 - Gender equality,I,AUS,Australia,G_5,Goal 5. Achieve gender equality and empower all women and girls,5_5,"5.5 Ensure women's full and effective participation and equal opportunities for leadership at all levels of decision-making in political, economic and public life",C050501,5.5.1 Proportion of seats held by women in (a) national parliaments and (b) local governments,5_5_1_OECD,Proportion of seats held by women in national parliaments,_T,Total,F,Female,_T,"Total, national average, or no breakdown",_T,Total,_T,Total,PT_W,Percentage of women,2025,,39.1,,OECD,OECD,0,Units,,,,,1,One
DATAFLOW,OECD.WISE.RSB:DSD_SDG@DF_SDG_G_5(2.0),Sustainable Development Goal 05 - Gender equality,I,IRL,Ireland,G_5,Goal 5. Achieve gender equality and empower all women and girls,5_5,"5.5 Ensure women's full and effective participation and equal opportunities for leadership at all levels of decision-making in political, economic and public life",C050501,5.5.1 Proportion of seats held by women in (a) national parliaments and (b) local governments,5_5_1_OECD,Proportion of seats held by women in national parliaments,_T,Total,F,Female,_T,"Total, national average, or no breakdown",_T,Total,_T,Total,PT_W,Percentage of women,2021,,22.5,,OECD,OECD,0,Units,,,,,1,One
DATAFLOW,OECD.WISE.RSB:DSD_SDG@DF_SDG_G_5(2.0),Sustainable Development Goal 05 - Gender equality,I,IRL,Ireland,G_5,Goal 5. Achieve gender equality and empower all women and girls,5_5,"5.5 Ensure women's full and effective participation and equal opportunities for leadership at all levels of decision-making in political, economic and public life",C050501,5.5.1 Proportion of seats held by women in (a) national parliaments and (b) local governments,5_5_1_OECD,Proportion of seats held by women in national parliaments,_T,Total,F,Female,_T,"Total, national average, or no breakdown",_T,Total,_T,Total,PT_W,Percentage of women,2023,,23.1,,OECD,OECD,0,Units,,,,,1,One
DATAFLOW,OECD.WISE.RSB:DSD_SDG@DF_SDG_G_5(2.0),Sustainable Development Goal 05 - Gender equality,I,BEL,Belgium,G_5,Goal 5. Achieve gender equality and empower all women and girls,5_5,"5.5 Ensure women's full and effective participation and equal opportunities for leadership at all levels of decision-making in political, economic and public life",C050501,5.5.1 Proportion of seats held by women in (a) national parliaments and (b) local governments,5_5_1_OECD,Proportion of seats held by women in national parliaments,_T,Total,F,Female,_T,"Total, national average, or no breakdown",_T,Total,_T,Total,PT_W,Percentage of women,2025,,39.3,,OECD,OECD,0,Units,,,,,1,One
DATAFLOW,OECD.WISE.RSB:DSD_SDG@DF_SDG_G_5(2.0),Sustainable Development Goal 05 - Gender equality,I,ISR,Israel,G_5,Goal 5. Achieve gender equality and empower all women and girls,5_5,"5.5 Ensure women's full and effective participation and equal opportunities for leadership at all levels of decision-making in political, economic and public life",C050501,5.5.1 Proportion of seats held by women in (a) national parliaments and (b) local governments,5_5_1_OECD,Proportion of seats held by women in national parliaments,_T,Total,F,Female,_T,"Total, national average, or no breakdown",_T,Total,_T,Total,PT_W,Percentage of women,2025,,24.2,,OECD,OECD,0,Units,,,,,1,One
DATAFLOW,OECD.WISE.RSB:DSD_SDG@DF_SDG_G_5(2.0),Sustainable Development Goal 05 - Gender equality,I,CAN,Canada,G_5,Goal 5. Achieve gender equality and empower all women and girls,5_5,"5.5 Ensure women's full and effective participation and equal opportunities for leadership at all levels of decision-making in political, economic and public life",C050501,5.5.1 Proportion of seats held by women in (a) national parliaments and (b) local governments,5_5_1_OECD,Proportion of seats held by women in national parliaments,_T,Total,F,Female,_T,"Total, national average, or no breakdown",_T,Total,_T,Total,PT_W,Percentage of women,2023,,30.7,,OECD,OECD,0,Units,,,,,1,One
DATAFLOW,OECD.WISE.RSB:DSD_SDG@DF_SDG_G_5(2.0),Sustainable Development Goal 05 - Gender equality,I,ITA,Italy,G_5,Goal 5. Achieve gender equality and empower all women and girls,5_5,"5.5 Ensure women's full and effective participation and equal opportunities for leadership at all levels of decision-making in political, economic and public life",C050501,5.5.1 Proportion of seats held by women in (a) national parliaments and (b) local governments,5_5_1_OECD,Proportion of seats held by women in national parliaments,_T,Total,F,Female,_T,"Total, national average, or no breakdown",_T,Total,_T,Total,PT_W,Percentage of women,2021,,35.7,,OECD,OECD,0,Units,,,,,1,One
DATAFLOW,OECD.WISE.RSB:DSD_SDG@DF_SDG_G_5(2.0),Sustainable Development Goal 05 - Gender equality,I,ITA,Italy,G_5,Goal 5. Achieve gender equality and empower all women and girls,5_5,"5.5 Ensure women's full and effective participation and equal opportunities for leadership at all levels of decision-making in political, economic and public life",C050501,5.5.1 Proportion of seats held by women in (a) national parliaments and (b) local governments,5_5_1_OECD,Proportion of seats held by women in national parliaments,_T,Total,F,Female,_T,"Total, national average, or no breakdown",_T,Total,_T,Total,PT_W,Percentage of women,2023,,32.3,,OECD,OECD,0,Units,,,,,1,One
DATAFLOW,OECD.WISE.RSB:DSD_SDG@DF_SDG_G_5(2.0),Sustainable Development Goal 05 - Gender equality,I,ITA,Italy,G_5,Goal 5. Achieve gender equality and empower all women and girls,5_5,"5.5 Ensure women's full and effective participation and equal opportunities for leadership at all levels of decision-making in political, economic and public life",C050501,5.5.1 Proportion of seats held by women in (a) national parliaments and (b) local governments,5_5_1_OECD,Proportion of seats held by women in national parliaments,_T,Total,F,Female,_T,"Total, national average, or no breakdown",_T,Total,_T,Total,PT_W,Percentage of women,2025,,32.8,,OECD,OECD,0,Units,,,,,1,One
DATAFLOW,OECD.WISE.RSB:DSD_SDG@DF_SDG_G_5(2.0),Sustainable Development Goal 05 - Gender equality,I,ISR,Israel,G_5,Goal 5. Achieve gender equality and empower all women and girls,5_5,"5.5 Ensure women's full and effective participation and equal opportunities for leadership at all levels of decision-making in political, economic and public life",C050501,5.5.1 Proportion of seats held by women in (a) national parliaments and (b) local governments,5_5_1_OECD,Proportion of seats held by women in national parliaments,_T,Total,F,Female,_T,"Total, national average, or no breakdown",_T,Total,_T,Total,PT_W,Percentage of women,2021,,26.7,,OECD,OECD,0,Units,,,,,1,One
DATAFLOW,OECD.WISE.RSB:DSD_SDG@DF_SDG_G_5(2.0),Sustainable Development Goal 05 - Gender equality,I,ISR,Israel,G_5,Goal 5. Achieve gender equality and empower all women and girls,5_5,"5.5 Ensure women's full and effective participation and equal opportunities for leadership at all levels of decision-making in political, economic and public life",C050501,5.5.1 Proportion of seats held by women in (a) national parliaments and (b) local governments,5_5_1_OECD,Proportion of seats held by women in national parliaments,_T,Total,F,Female,_T,"Total, national average, or no breakdown",_T,Total,_T,Total,PT_W,Percentage of women,2023,,24.2,,OECD,OECD,0,Units,,,,,1,One
DATAFLOW,OECD.WISE.RSB:DSD_SDG@DF_SDG_G_5(2.0),Sustainable Development Goal 05 - Gender equality,I,NLD,Netherlands,G_5,Goal 5. Achieve gender equality and empower all women and girls,5_5,"5.5 Ensure women's full and effective participation and equal opportunities for leadership at all levels of decision-making in political, economic and public life",C050501,5.5.1 Proportion of seats held by women in (a) national parliaments and (b) local governments,5_5_1_OECD,Proportion of seats held by women in national parliaments,_T,Total,F,Female,_T,"Total, national average, or no breakdown",_T,Total,_T,Total,PT_W,Percentage of women,2025,,39.3,,OECD,OECD,0,Units,,,,,1,One
DATAFLOW,OECD.WISE.RSB:DSD_SDG@DF_SDG_G_5(2.0),Sustainable Development Goal 05 - Gender equality,I,MEX,Mexico,G_5,Goal 5. Achieve gender equality and empower all women and girls,5_5,"5.5 Ensure women's full and effective participation and equal opportunities for leadership at all levels of decision-making in political, economic and public life",C050501,5.5.1 Proportion of seats held by women in (a) national parliaments and (b) local governments,5_5_1_OECD,Proportion of seats held by women in national parliaments,_T,Total,F,Female,_T,"Total, national average, or no breakdown",_T,Total,_T,Total,PT_W,Percentage of women,2025,,50.2,,OECD,OECD,0,Units,,,,,1,One
DATAFLOW,OECD.WISE.RSB:DSD_SDG@DF_SDG_G_5(2.0),Sustainable Development Goal 05 - Gender equality,I,LUX,Luxembourg,G_5,Goal 5. Achieve gender equality and empower all women and girls,5_5,"5.5 Ensure women's full and effective participation and equal opportunities for leadership at all levels of decision-making in political, economic and public life",C050501,5.5.1 Proportion of seats held by women in (a) national parliaments and (b) local governments,5_5_1_OECD,Proportion of seats held by women in national parliaments,_T,Total,F,Female,_T,"Total, national average, or no breakdown",_T,Total,_T,Total,PT_W,Percentage of women,2025,,35,,OECD,OECD,0,Units,,,,,1,One
DATAFLOW,OECD.WISE.RSB:DSD_SDG@DF_SDG_G_5(2.0),Sustainable Development Goal 05 - Gender equality,I,LTU,Lithuania,G_5,Goal 5. Achieve gender equality and empower all women and girls,5_5,"5.5 Ensure women's full and effective participation and equal opportunities for leadership at all levels of decision-making in political, economic and public life",C050501,5.5.1 Proportion of seats held by women in (a) national parliaments and (b) local governments,5_5_1_OECD,Proportion of seats held by women in national parliaments,_T,Total,F,Female,_T,"Total, national average, or no breakdown",_T,Total,_T,Total,PT_W,Percentage of women,2025,,28.4,,OECD,OECD,0,Units,,,,,1,One
DATAFLOW,OECD.WISE.RSB:DSD_SDG@DF_SDG_G_5(2.0),Sustainable Development Goal 05 - Gender equality,I,LVA,Latvia,G_5,Goal 5. Achieve gender equality and empower all women and girls,5_5,"5.5 Ensure women's full and effective participation and equal opportunities for leadership at all levels of decision-making in political, economic and public life",C050501,5.5.1 Proportion of seats held by women in (a) national parliaments and (b) local governments,5_5_1_OECD,Proportion of seats held by women in national parliaments,_T,Total,F,Female,_T,"Total, national average, or no breakdown",_T,Total,_T,Total,PT_W,Percentage of women,2025,,31,,OECD,OECD,0,Units,,,,,1,One
DATAFLOW,OECD.WISE.RSB:DSD_SDG@DF_SDG_G_5(2.0),Sustainable Development Goal 05 - Gender equality,I,DEU,Germany,G_5,Goal 5. Achieve gender equality and empower all women and girls,5_5,"5.5 Ensure women's full and effective participation and equal opportunities for leadership at all levels of decision-making in political, economic and public life",C050501,5.5.1 Proportion of seats held by women in (a) national parliaments and (b) local governments,5_5_1_OECD,Proportion of seats held by women in national parliaments,_T,Total,F,Female,_T,"Total, national average, or no breakdown",_T,Total,_T,Total,PT_W,Percentage of women,2023,,35.1,,OECD,OECD,0,Units,,,,,1,One
DATAFLOW,OECD.WISE.RSB:DSD_SDG@DF_SDG_G_5(2.0),Sustainable Development Goal 05 - Gender equality,I,FRA,France,G_5,Goal 5. Achieve gender equality and empower all women and girls,5_5,"5.5 Ensure women's full and effective participation and equal opportunities for leadership at all levels of decision-making in political, economic and public life",C050501,5.5.1 Proportion of seats held by women in (a) national parliaments and (b) local governments,5_5_1_OECD,Proportion of seats held by women in national parliaments,_T,Total,F,Female,_T,"Total, national average, or no breakdown",_T,Total,_T,Total,PT_W,Percentage of women,2025,,36.2,,OECD,OECD,0,Units,,,,,1,One
DATAFLOW,OECD.WISE.RSB:DSD_SDG@DF_SDG_G_5(2.0),Sustainable Development Goal 05 - Gender equality,I,FIN,Finland,G_5,Goal 5. Achieve gender equality and empower all women and girls,5_5,"5.5 Ensure women's full and effective participation and equal opportunities for leadership at all levels of decision-making in political, economic and public life",C050501,5.5.1 Proportion of seats held by women in (a) national parliaments and (b) local governments,5_5_1_OECD,Proportion of seats held by women in national parliaments,_T,Total,F,Female,_T,"Total, national average, or no breakdown",_T,Total,_T,Total,PT_W,Percentage of women,2025,,45.5,,OECD,OECD,0,Units,,,,,1,One
