Afrique_du_Sud	2010°	Part_des_employé·es_à_temp_partiel	+8_p%	0.08100000000000002
Allemagne	2010°	Part_des_employé·es_à_temp_partiel	+36_p%	0.3627
Australie	2010°	Part_des_employé·es_à_temp_partiel	+29_p%	0.29244
Autriche	2010°	Part_des_employé·es_à_temp_partiel	+35_p%	0.34630000000000005
Belgique	2010°	Part_des_employé·es_à_temp_partiel	+33_p%	0.3345
Bulgarie	2010°	Part_des_employé·es_à_temp_partiel	+1_p%	0.0069900000000000006
Canada	2010°	Part_des_employé·es_à_temp_partiel	+15_p%	0.15138
Chili	2010°	Part_des_employé·es_à_temp_partiel	+15_p%	0.14579
Chypre	2010°	Part_des_employé·es_à_temp_partiel	+6_p%	0.05897
Colombie	2010°	Part_des_employé·es_à_temp_partiel	+17_p%	0.16797
Costa_Rica	2010°	Part_des_employé·es_à_temp_partiel	+20_p%	0.20035
Croatie	2010°	Part_des_employé·es_à_temp_partiel	+5_p%	0.05094000000000001
Danemark	2010°	Part_des_employé·es_à_temp_partiel	+25_p%	0.24779
Espagne	2010°	Part_des_employé·es_à_temp_partiel	+17_p%	0.17326
Estonie	2010°	Part_des_employé·es_à_temp_partiel	+8_p%	0.07986
Finlande	2010°	Part_des_employé·es_à_temp_partiel	+10_p%	0.09618999999999998
France	2010°	Part_des_employé·es_à_temp_partiel	+23_p%	0.2346
Grèce	2010°	Part_des_employé·es_à_temp_partiel	+7_p%	0.06669
Hongrie	2010°	Part_des_employé·es_à_temp_partiel	+4_p%	0.041280000000000004
Indonésie	2010°	Part_des_employé·es_à_temp_partiel	+15_p%	0.15146
Irlande	2010°	Part_des_employé·es_à_temp_partiel	+23_p%	0.23206999999999997
Islande	2010°	Part_des_employé·es_à_temp_partiel	+24_p%	0.23639
Israël	2010°	Part_des_employé·es_à_temp_partiel	+22_p%	0.22328
Italie	2010°	Part_des_employé·es_à_temp_partiel	+23_p%	0.23438000000000003
Japon	2010°	Part_des_employé·es_à_temp_partiel	+23_p%	0.23489000000000004
Lettonie	2010°	Part_des_employé·es_à_temp_partiel	+3_p%	0.03373000000000001
Lituanie	2010°	Part_des_employé·es_à_temp_partiel	+3_p%	0.025550000000000007
Luxembourg	2010°	Part_des_employé·es_à_temp_partiel	+32_p%	0.31909
Macédoine_du_Nord	2010°	Part_des_employé·es_à_temp_partiel	+2_p%	0.024769999999999993
Malte	2010°	Part_des_employé·es_à_temp_partiel	+19_p%	0.18993000000000002
Mexique	2010°	Part_des_employé·es_à_temp_partiel	+18_p%	0.18312
Norvège	2010°	Part_des_employé·es_à_temp_partiel	+27_p%	0.27234
Nouvelle-Zélande	2010°	Part_des_employé·es_à_temp_partiel	+22_p%	0.2242
OCDE_-_Total	2010°	Part_des_employé·es_à_temp_partiel	+20_p%	0.20198
Pays-Bas	2010°	Part_des_employé·es_à_temp_partiel	+51_p%	0.51215
Pologne	2010°	Part_des_employé·es_à_temp_partiel	+6_p%	0.05819
Portugal	2010°	Part_des_employé·es_à_temp_partiel	+7_p%	0.07296000000000001
Pérou	2010°	Part_des_employé·es_à_temp_partiel	+17_p%	0.16934999999999995
Roumanie	2010°	Part_des_employé·es_à_temp_partiel	+1_p%	0.008249999999999993
Royaume-Uni	2010°	Part_des_employé·es_à_temp_partiel	+31_p%	0.30662999999999996
Russie	2010°	Part_des_employé·es_à_temp_partiel	+5_p%	0.04538
Seychelles	2010°	Part_des_employé·es_à_temp_partiel	+7_p%	0.06953
Slovaquie	2010°	Part_des_employé·es_à_temp_partiel	+3_p%	0.02659
Slovénie	2010°	Part_des_employé·es_à_temp_partiel	+6_p%	0.06125
Suisse	2010°	Part_des_employé·es_à_temp_partiel	+45_p%	0.45063000000000003
Suède	2010°	Part_des_employé·es_à_temp_partiel	+22_p%	0.21846000000000004
Turquie	2010°	Part_des_employé·es_à_temp_partiel	+17_p%	0.1668
États-Unis	2010°	Part_des_employé·es_à_temp_partiel	+13_p%	0.13179999999999997
Afrique_du_Sud	2011°	Part_des_employé·es_à_temp_partiel	+8_p%	0.07859
Allemagne	2011°	Part_des_employé·es_à_temp_partiel	+36_p%	0.35837
Australie	2011°	Part_des_employé·es_à_temp_partiel	+29_p%	0.29397
Autriche	2011°	Part_des_employé·es_à_temp_partiel	+35_p%	0.35174999999999995
Belgique	2011°	Part_des_employé·es_à_temp_partiel	+34_p%	0.33731
Bulgarie	2011°	Part_des_employé·es_à_temp_partiel	+1_p%	0.007829999999999998
Canada	2011°	Part_des_employé·es_à_temp_partiel	+15_p%	0.14713
Chili	2011°	Part_des_employé·es_à_temp_partiel	+15_p%	0.15336
Chypre	2011°	Part_des_employé·es_à_temp_partiel	+5_p%	0.05209
Colombie	2011°	Part_des_employé·es_à_temp_partiel	+18_p%	0.17589
Costa_Rica	2011°	Part_des_employé·es_à_temp_partiel	+16_p%	0.15987
Croatie	2011°	Part_des_employé·es_à_temp_partiel	+4_p%	0.042699999999999995
Danemark	2011°	Part_des_employé·es_à_temp_partiel	+24_p%	0.23714
Espagne	2011°	Part_des_employé·es_à_temp_partiel	+17_p%	0.16959
Estonie	2011°	Part_des_employé·es_à_temp_partiel	+10_p%	0.10344000000000002
Finlande	2011°	Part_des_employé·es_à_temp_partiel	+9_p%	0.09072
France	2011°	Part_des_employé·es_à_temp_partiel	+23_p%	0.23307
Grèce	2011°	Part_des_employé·es_à_temp_partiel	+6_p%	0.05720000000000001
Hongrie	2011°	Part_des_employé·es_à_temp_partiel	+4_p%	0.04322
Indonésie	2011°	Part_des_employé·es_à_temp_partiel	+15_p%	0.1526
Irlande	2011°	Part_des_employé·es_à_temp_partiel	+22_p%	0.22474
Islande	2011°	Part_des_employé·es_à_temp_partiel	+23_p%	0.22537
Israël	2011°	Part_des_employé·es_à_temp_partiel	+21_p%	0.20784000000000002
Italie	2011°	Part_des_employé·es_à_temp_partiel	+23_p%	0.23296
Japon	2011°	Part_des_employé·es_à_temp_partiel	+25_p%	0.24505000000000002
Lettonie	2011°	Part_des_employé·es_à_temp_partiel	+3_p%	0.03494
Lituanie	2011°	Part_des_employé·es_à_temp_partiel	+3_p%	0.0343
Luxembourg	2011°	Part_des_employé·es_à_temp_partiel	+31_p%	0.31112
Macédoine_du_Nord	2011°	Part_des_employé·es_à_temp_partiel	+1_p%	0.013089999999999992
Malte	2011°	Part_des_employé·es_à_temp_partiel	+19_p%	0.19294
Mexique	2011°	Part_des_employé·es_à_temp_partiel	+18_p%	0.17811000000000005
Norvège	2011°	Part_des_employé·es_à_temp_partiel	+27_p%	0.27457
Nouvelle-Zélande	2011°	Part_des_employé·es_à_temp_partiel	+23_p%	0.23366
OCDE_-_Total	2011°	Part_des_employé·es_à_temp_partiel	+20_p%	0.20192999999999997
Pays-Bas	2011°	Part_des_employé·es_à_temp_partiel	+51_p%	0.5121499999999999
Pologne	2011°	Part_des_employé·es_à_temp_partiel	+6_p%	0.05652
Portugal	2011°	Part_des_employé·es_à_temp_partiel	+6_p%	0.06266
Pérou	2011°	Part_des_employé·es_à_temp_partiel	+17_p%	0.17054000000000002
Roumanie	2011°	Part_des_employé·es_à_temp_partiel	+2_p%	0.02013
Royaume-Uni	2011°	Part_des_employé·es_à_temp_partiel	+30_p%	0.30453
Russie	2011°	Part_des_employé·es_à_temp_partiel	+5_p%	0.04627
Seychelles	2011°	Part_des_employé·es_à_temp_partiel	+7_p%	0.06846000000000001
Slovaquie	2011°	Part_des_employé·es_à_temp_partiel	+3_p%	0.030719999999999997
Slovénie	2011°	Part_des_employé·es_à_temp_partiel	+5_p%	0.054299999999999994
Suisse	2011°	Part_des_employé·es_à_temp_partiel	+44_p%	0.4403
Suède	2011°	Part_des_employé·es_à_temp_partiel	+21_p%	0.21217000000000005
Turquie	2011°	Part_des_employé·es_à_temp_partiel	+18_p%	0.17703
États-Unis	2011°	Part_des_employé·es_à_temp_partiel	+13_p%	0.13058
Afrique_du_Sud	2012°	Part_des_employé·es_à_temp_partiel	+9_p%	0.08688000000000001
Allemagne	2012°	Part_des_employé·es_à_temp_partiel	+36_p%	0.35578000000000004
Australie	2012°	Part_des_employé·es_à_temp_partiel	+29_p%	0.29388000000000003
Autriche	2012°	Part_des_employé·es_à_temp_partiel	+36_p%	0.35896
Belgique	2012°	Part_des_employé·es_à_temp_partiel	+34_p%	0.34075000000000005
Bulgarie	2012°	Part_des_employé·es_à_temp_partiel	+1_p%	0.007989999999999999
Canada	2012°	Part_des_employé·es_à_temp_partiel	+15_p%	0.14742999999999998
Chili	2012°	Part_des_employé·es_à_temp_partiel	+15_p%	0.15151
Chypre	2012°	Part_des_employé·es_à_temp_partiel	+6_p%	0.056600000000000004
Colombie	2012°	Part_des_employé·es_à_temp_partiel	+18_p%	0.1809
Costa_Rica	2012°	Part_des_employé·es_à_temp_partiel	+20_p%	0.19655999999999998
Croatie	2012°	Part_des_employé·es_à_temp_partiel	+3_p%	0.02689
Danemark	2012°	Part_des_employé·es_à_temp_partiel	+21_p%	0.2147
Espagne	2012°	Part_des_employé·es_à_temp_partiel	+17_p%	0.17355
Estonie	2012°	Part_des_employé·es_à_temp_partiel	+9_p%	0.09376999999999999
Finlande	2012°	Part_des_employé·es_à_temp_partiel	+10_p%	0.09791
France	2012°	Part_des_employé·es_à_temp_partiel	+23_p%	0.2336
Grèce	2012°	Part_des_employé·es_à_temp_partiel	+7_p%	0.06923
Hongrie	2012°	Part_des_employé·es_à_temp_partiel	+5_p%	0.050760000000000007
Indonésie	2012°	Part_des_employé·es_à_temp_partiel	+14_p%	0.1403
Irlande	2012°	Part_des_employé·es_à_temp_partiel	+22_p%	0.21762
Islande	2012°	Part_des_employé·es_à_temp_partiel	+21_p%	0.20826999999999998
Israël	2012°	Part_des_employé·es_à_temp_partiel	+20_p%	0.19804000000000002
Italie	2012°	Part_des_employé·es_à_temp_partiel	+24_p%	0.23809999999999998
Japon	2012°	Part_des_employé·es_à_temp_partiel	+24_p%	0.24205000000000002
Lettonie	2012°	Part_des_employé·es_à_temp_partiel	+4_p%	0.04367
Lituanie	2012°	Part_des_employé·es_à_temp_partiel	+4_p%	0.03858
Luxembourg	2012°	Part_des_employé·es_à_temp_partiel	+31_p%	0.30546
Macédoine_du_Nord	2012°	Part_des_employé·es_à_temp_partiel	+1_p%	0.01351
Malte	2012°	Part_des_employé·es_à_temp_partiel	+19_p%	0.19201000000000001
Mexique	2012°	Part_des_employé·es_à_temp_partiel	+18_p%	0.17884
Norvège	2012°	Part_des_employé·es_à_temp_partiel	+26_p%	0.25937
Nouvelle-Zélande	2012°	Part_des_employé·es_à_temp_partiel	+24_p%	0.24008
OCDE_-_Total	2012°	Part_des_employé·es_à_temp_partiel	+20_p%	0.20113
Pays-Bas	2012°	Part_des_employé·es_à_temp_partiel	+51_p%	0.50596
Pologne	2012°	Part_des_employé·es_à_temp_partiel	+6_p%	0.060169999999999994
Portugal	2012°	Part_des_employé·es_à_temp_partiel	+6_p%	0.05641000000000001
Pérou	2012°	Part_des_employé·es_à_temp_partiel	+15_p%	0.15433
Roumanie	2012°	Part_des_employé·es_à_temp_partiel	+2_p%	0.01854000000000001
Royaume-Uni	2012°	Part_des_employé·es_à_temp_partiel	+30_p%	0.29996
Russie	2012°	Part_des_employé·es_à_temp_partiel	+5_p%	0.04579
Seychelles	2012°	Part_des_employé·es_à_temp_partiel	+7_p%	0.06613
Slovaquie	2012°	Part_des_employé·es_à_temp_partiel	+3_p%	0.02789
Slovénie	2012°	Part_des_employé·es_à_temp_partiel	+6_p%	0.06071
Suisse	2012°	Part_des_employé·es_à_temp_partiel	+45_p%	0.44641
Suède	2012°	Part_des_employé·es_à_temp_partiel	+20_p%	0.20022999999999996
Turquie	2012°	Part_des_employé·es_à_temp_partiel	+17_p%	0.17459
États-Unis	2012°	Part_des_employé·es_à_temp_partiel	+13_p%	0.12939
Afrique_du_Sud	2013°	Part_des_employé·es_à_temp_partiel	+9_p%	0.08814
Allemagne	2013°	Part_des_employé·es_à_temp_partiel	+37_p%	0.36717
Australie	2013°	Part_des_employé·es_à_temp_partiel	+29_p%	0.29087
Autriche	2013°	Part_des_employé·es_à_temp_partiel	+35_p%	0.35320999999999997
Belgique	2013°	Part_des_employé·es_à_temp_partiel	+33_p%	0.33424
Bulgarie	2013°	Part_des_employé·es_à_temp_partiel	+1_p%	0.01164
Canada	2013°	Part_des_employé·es_à_temp_partiel	+14_p%	0.14406999999999998
Chili	2013°	Part_des_employé·es_à_temp_partiel	+15_p%	0.14809
Chypre	2013°	Part_des_employé·es_à_temp_partiel	+7_p%	0.06534000000000001
Colombie	2013°	Part_des_employé·es_à_temp_partiel	+18_p%	0.18083
Costa_Rica	2013°	Part_des_employé·es_à_temp_partiel	+20_p%	0.19794
Croatie	2013°	Part_des_employé·es_à_temp_partiel	+2_p%	0.01974
Danemark	2013°	Part_des_employé·es_à_temp_partiel	+21_p%	0.21442
Espagne	2013°	Part_des_employé·es_à_temp_partiel	+17_p%	0.17442
Estonie	2013°	Part_des_employé·es_à_temp_partiel	+8_p%	0.08044000000000001
Finlande	2013°	Part_des_employé·es_à_temp_partiel	+10_p%	0.10046999999999999
France	2013°	Part_des_employé·es_à_temp_partiel	+23_p%	0.23462
Grèce	2013°	Part_des_employé·es_à_temp_partiel	+7_p%	0.07087
Hongrie	2013°	Part_des_employé·es_à_temp_partiel	+5_p%	0.04825
Indonésie	2013°	Part_des_employé·es_à_temp_partiel	+11_p%	0.10951999999999998
Irlande	2013°	Part_des_employé·es_à_temp_partiel	+21_p%	0.21149
Islande	2013°	Part_des_employé·es_à_temp_partiel	+22_p%	0.21908000000000002
Israël	2013°	Part_des_employé·es_à_temp_partiel	+20_p%	0.19869
Italie	2013°	Part_des_employé·es_à_temp_partiel	+24_p%	0.23663
Japon	2013°	Part_des_employé·es_à_temp_partiel	+25_p%	0.24845999999999996
Lettonie	2013°	Part_des_employé·es_à_temp_partiel	+4_p%	0.040279999999999996
Lituanie	2013°	Part_des_employé·es_à_temp_partiel	+4_p%	0.037599999999999995
Luxembourg	2013°	Part_des_employé·es_à_temp_partiel	+30_p%	0.30128
Macédoine_du_Nord	2013°	Part_des_employé·es_à_temp_partiel	+1_p%	0.005629999999999997
Malte	2013°	Part_des_employé·es_à_temp_partiel	+18_p%	0.18247
Mexique	2013°	Part_des_employé·es_à_temp_partiel	+17_p%	0.17266
Norvège	2013°	Part_des_employé·es_à_temp_partiel	+26_p%	0.25684999999999997
Nouvelle-Zélande	2013°	Part_des_employé·es_à_temp_partiel	+23_p%	0.22742999999999994
OCDE_-_Total	2013°	Part_des_employé·es_à_temp_partiel	+20_p%	0.20101
Pays-Bas	2013°	Part_des_employé·es_à_temp_partiel	+47_p%	0.47431999999999996
Pologne	2013°	Part_des_employé·es_à_temp_partiel	+6_p%	0.059140000000000005
Portugal	2013°	Part_des_employé·es_à_temp_partiel	+6_p%	0.05709999999999999
Pérou	2013°	Part_des_employé·es_à_temp_partiel	+16_p%	0.16111999999999999
Roumanie	2013°	Part_des_employé·es_à_temp_partiel	+2_p%	0.016210000000000006
Royaume-Uni	2013°	Part_des_employé·es_à_temp_partiel	+29_p%	0.29412
Russie	2013°	Part_des_employé·es_à_temp_partiel	+5_p%	0.05108999999999999
Seychelles	2013°	Part_des_employé·es_à_temp_partiel	+8_p%	0.07730000000000001
Slovaquie	2013°	Part_des_employé·es_à_temp_partiel	+3_p%	0.029749999999999995
Slovénie	2013°	Part_des_employé·es_à_temp_partiel	+6_p%	0.06148000000000001
Suisse	2013°	Part_des_employé·es_à_temp_partiel	+44_p%	0.44309
Suède	2013°	Part_des_employé·es_à_temp_partiel	+19_p%	0.19079999999999997
Turquie	2013°	Part_des_employé·es_à_temp_partiel	+18_p%	0.17557999999999999
États-Unis	2013°	Part_des_employé·es_à_temp_partiel	+13_p%	0.12919
Afrique_du_Sud	2014°	Part_des_employé·es_à_temp_partiel	+8_p%	0.08403
Allemagne	2014°	Part_des_employé·es_à_temp_partiel	+36_p%	0.36213
Australie	2014°	Part_des_employé·es_à_temp_partiel	+29_p%	0.28996
Autriche	2014°	Part_des_employé·es_à_temp_partiel	+36_p%	0.35952999999999996
Belgique	2014°	Part_des_employé·es_à_temp_partiel	+32_p%	0.32268
Bulgarie	2014°	Part_des_employé·es_à_temp_partiel	+1_p%	0.00896
Canada	2014°	Part_des_employé·es_à_temp_partiel	+14_p%	0.14479999999999998
Chili	2014°	Part_des_employé·es_à_temp_partiel	+15_p%	0.15059999999999998
Chypre	2014°	Part_des_employé·es_à_temp_partiel	+6_p%	0.06026
Colombie	2014°	Part_des_employé·es_à_temp_partiel	+17_p%	0.17243000000000003
Costa_Rica	2014°	Part_des_employé·es_à_temp_partiel	+19_p%	0.19485999999999998
Croatie	2014°	Part_des_employé·es_à_temp_partiel	+3_p%	0.030630000000000004
Danemark	2014°	Part_des_employé·es_à_temp_partiel	+20_p%	0.20187999999999995
Espagne	2014°	Part_des_employé·es_à_temp_partiel	+18_p%	0.17779
Estonie	2014°	Part_des_employé·es_à_temp_partiel	+6_p%	0.06254
Finlande	2014°	Part_des_employé·es_à_temp_partiel	+9_p%	0.09253
France	2014°	Part_des_employé·es_à_temp_partiel	+23_p%	0.23015
Grèce	2014°	Part_des_employé·es_à_temp_partiel	+6_p%	0.06427
Hongrie	2014°	Part_des_employé·es_à_temp_partiel	+4_p%	0.04172000000000001
Indonésie	2014°	Part_des_employé·es_à_temp_partiel	+15_p%	0.14820000000000003
Irlande	2014°	Part_des_employé·es_à_temp_partiel	+21_p%	0.20839
Islande	2014°	Part_des_employé·es_à_temp_partiel	+20_p%	0.2021
Israël	2014°	Part_des_employé·es_à_temp_partiel	+19_p%	0.19384
Italie	2014°	Part_des_employé·es_à_temp_partiel	+24_p%	0.23861999999999994
Japon	2014°	Part_des_employé·es_à_temp_partiel	+25_p%	0.25232
Lettonie	2014°	Part_des_employé·es_à_temp_partiel	+4_p%	0.04453
Lituanie	2014°	Part_des_employé·es_à_temp_partiel	+4_p%	0.04112999999999999
Luxembourg	2014°	Part_des_employé·es_à_temp_partiel	+30_p%	0.30083000000000004
Macédoine_du_Nord	2014°	Part_des_employé·es_à_temp_partiel	-1_p%	0.01492
Malte	2014°	Part_des_employé·es_à_temp_partiel	+20_p%	0.20020000000000004
Mexique	2014°	Part_des_employé·es_à_temp_partiel	+17_p%	0.17437999999999998
Norvège	2014°	Part_des_employé·es_à_temp_partiel	+25_p%	0.25049000000000005
Nouvelle-Zélande	2014°	Part_des_employé·es_à_temp_partiel	+21_p%	0.21453
OCDE_-_Total	2014°	Part_des_employé·es_à_temp_partiel	+20_p%	0.19965
Pays-Bas	2014°	Part_des_employé·es_à_temp_partiel	+47_p%	0.4682299999999999
Pologne	2014°	Part_des_employé·es_à_temp_partiel	+6_p%	0.05948
Portugal	2014°	Part_des_employé·es_à_temp_partiel	+5_p%	0.05409
Pérou	2014°	Part_des_employé·es_à_temp_partiel	+16_p%	0.15688
Roumanie	2014°	Part_des_employé·es_à_temp_partiel	+2_p%	0.02001999999999999
Royaume-Uni	2014°	Part_des_employé·es_à_temp_partiel	+29_p%	0.29469999999999996
Russie	2014°	Part_des_employé·es_à_temp_partiel	+5_p%	0.05126
Seychelles	2014°	Part_des_employé·es_à_temp_partiel	+7_p%	0.07167
Slovaquie	2014°	Part_des_employé·es_à_temp_partiel	+3_p%	0.030449999999999998
Slovénie	2014°	Part_des_employé·es_à_temp_partiel	+7_p%	0.06794
Suisse	2014°	Part_des_employé·es_à_temp_partiel	+43_p%	0.43384
Suède	2014°	Part_des_employé·es_à_temp_partiel	+18_p%	0.18476000000000004
Turquie	2014°	Part_des_employé·es_à_temp_partiel	+14_p%	0.14224
États-Unis	2014°	Part_des_employé·es_à_temp_partiel	+13_p%	0.13137999999999997
Afrique_du_Sud	2015°	Part_des_employé·es_à_temp_partiel	+9_p%	0.08883000000000002
Allemagne	2015°	Part_des_employé·es_à_temp_partiel	+36_p%	0.36390999999999996
Australie	2015°	Part_des_employé·es_à_temp_partiel	+29_p%	0.28698
Autriche	2015°	Part_des_employé·es_à_temp_partiel	+36_p%	0.36225999999999997
Belgique	2015°	Part_des_employé·es_à_temp_partiel	+32_p%	0.31618999999999997
Bulgarie	2015°	Part_des_employé·es_à_temp_partiel	+1_p%	0.008979999999999998
Canada	2015°	Part_des_employé·es_à_temp_partiel	+14_p%	0.13906
Chili	2015°	Part_des_employé·es_à_temp_partiel	+15_p%	0.14807000000000003
Chypre	2015°	Part_des_employé·es_à_temp_partiel	+5_p%	0.052520000000000004
Colombie	2015°	Part_des_employé·es_à_temp_partiel	+18_p%	0.17699
Costa_Rica	2015°	Part_des_employé·es_à_temp_partiel	+19_p%	0.19154999999999997
Croatie	2015°	Part_des_employé·es_à_temp_partiel	+3_p%	0.026980000000000004
Danemark	2015°	Part_des_employé·es_à_temp_partiel	+19_p%	0.19308
Espagne	2015°	Part_des_employé·es_à_temp_partiel	+17_p%	0.17241
Estonie	2015°	Part_des_employé·es_à_temp_partiel	+9_p%	0.08923
Finlande	2015°	Part_des_employé·es_à_temp_partiel	+8_p%	0.08299
France	2015°	Part_des_employé·es_à_temp_partiel	+22_p%	0.22433
Grèce	2015°	Part_des_employé·es_à_temp_partiel	+6_p%	0.06352000000000001
Hongrie	2015°	Part_des_employé·es_à_temp_partiel	+4_p%	0.036980000000000006
Indonésie	2015°	Part_des_employé·es_à_temp_partiel	+15_p%	0.15320999999999999
Irlande	2015°	Part_des_employé·es_à_temp_partiel	+21_p%	0.21315000000000006
Islande	2015°	Part_des_employé·es_à_temp_partiel	+20_p%	0.20268
Israël	2015°	Part_des_employé·es_à_temp_partiel	+19_p%	0.18966000000000002
Italie	2015°	Part_des_employé·es_à_temp_partiel	+24_p%	0.23957
Japon	2015°	Part_des_employé·es_à_temp_partiel	+25_p%	0.24863999999999997
Lettonie	2015°	Part_des_employé·es_à_temp_partiel	+6_p%	0.05842
Lituanie	2015°	Part_des_employé·es_à_temp_partiel	+4_p%	0.04468
Luxembourg	2015°	Part_des_employé·es_à_temp_partiel	+28_p%	0.28071999999999997
Macédoine_du_Nord	2015°	Part_des_employé·es_à_temp_partiel	+0_p%	0.0036399999999999987
Malte	2015°	Part_des_employé·es_à_temp_partiel	+19_p%	0.18966999999999998
Mexique	2015°	Part_des_employé·es_à_temp_partiel	+17_p%	0.17346
Norvège	2015°	Part_des_employé·es_à_temp_partiel	+24_p%	0.23604000000000003
Nouvelle-Zélande	2015°	Part_des_employé·es_à_temp_partiel	+22_p%	0.21963999999999997
OCDE_-_Total	2015°	Part_des_employé·es_à_temp_partiel	+20_p%	0.19687000000000002
Pays-Bas	2015°	Part_des_employé·es_à_temp_partiel	+47_p%	0.47113999999999995
Pologne	2015°	Part_des_employé·es_à_temp_partiel	+6_p%	0.05677000000000001
Portugal	2015°	Part_des_employé·es_à_temp_partiel	+6_p%	0.055580000000000004
Pérou	2015°	Part_des_employé·es_à_temp_partiel	+15_p%	0.14761
Roumanie	2015°	Part_des_employé·es_à_temp_partiel	+1_p%	0.011940000000000008
Royaume-Uni	2015°	Part_des_employé·es_à_temp_partiel	+29_p%	0.29113
Russie	2015°	Part_des_employé·es_à_temp_partiel	+5_p%	0.05223
Seychelles	2015°	Part_des_employé·es_à_temp_partiel	+7_p%	0.0724
Slovaquie	2015°	Part_des_employé·es_à_temp_partiel	+4_p%	0.040299999999999996
Slovénie	2015°	Part_des_employé·es_à_temp_partiel	+7_p%	0.06615
Suisse	2015°	Part_des_employé·es_à_temp_partiel	+42_p%	0.42485999999999996
Suède	2015°	Part_des_employé·es_à_temp_partiel	+18_p%	0.17732999999999996
Turquie	2015°	Part_des_employé·es_à_temp_partiel	+13_p%	0.13058999999999998
États-Unis	2015°	Part_des_employé·es_à_temp_partiel	+13_p%	0.12836999999999998
Afrique_du_Sud	2016°	Part_des_employé·es_à_temp_partiel	+9_p%	0.09012
Allemagne	2016°	Part_des_employé·es_à_temp_partiel	+36_p%	0.36097999999999997
Argentine	2016°	Part_des_employé·es_à_temp_partiel	+24_p%	0.23696
Australie	2016°	Part_des_employé·es_à_temp_partiel	+28_p%	0.27934
Autriche	2016°	Part_des_employé·es_à_temp_partiel	+36_p%	0.35871000000000003
Belgique	2016°	Part_des_employé·es_à_temp_partiel	+32_p%	0.32159
Bulgarie	2016°	Part_des_employé·es_à_temp_partiel	+1_p%	0.008100000000000003
Canada	2016°	Part_des_employé·es_à_temp_partiel	+14_p%	0.13566
Chili	2016°	Part_des_employé·es_à_temp_partiel	+15_p%	0.14764999999999998
Chypre	2016°	Part_des_employé·es_à_temp_partiel	+4_p%	0.04310000000000002
Colombie	2016°	Part_des_employé·es_à_temp_partiel	+17_p%	0.17370000000000002
Costa_Rica	2016°	Part_des_employé·es_à_temp_partiel	+17_p%	0.17407000000000003
Croatie	2016°	Part_des_employé·es_à_temp_partiel	+3_p%	0.02604000000000001
Danemark	2016°	Part_des_employé·es_à_temp_partiel	+21_p%	0.20836
Espagne	2016°	Part_des_employé·es_à_temp_partiel	+16_p%	0.16383
Estonie	2016°	Part_des_employé·es_à_temp_partiel	+7_p%	0.07435
Finlande	2016°	Part_des_employé·es_à_temp_partiel	+10_p%	0.09625000000000002
France	2016°	Part_des_employé·es_à_temp_partiel	+22_p%	0.22012
Grèce	2016°	Part_des_employé·es_à_temp_partiel	+7_p%	0.06801
Hongrie	2016°	Part_des_employé·es_à_temp_partiel	+4_p%	0.03757
Indonésie	2016°	Part_des_employé·es_à_temp_partiel	+15_p%	0.15107000000000004
Irlande	2016°	Part_des_employé·es_à_temp_partiel	+21_p%	0.20512
Islande	2016°	Part_des_employé·es_à_temp_partiel	+21_p%	0.20995999999999998
Israël	2016°	Part_des_employé·es_à_temp_partiel	+19_p%	0.18844999999999998
Italie	2016°	Part_des_employé·es_à_temp_partiel	+24_p%	0.24060999999999996
Japon	2016°	Part_des_employé·es_à_temp_partiel	+25_p%	0.25228
Lettonie	2016°	Part_des_employé·es_à_temp_partiel	+5_p%	0.0507
Lituanie	2016°	Part_des_employé·es_à_temp_partiel	+4_p%	0.03987
Luxembourg	2016°	Part_des_employé·es_à_temp_partiel	+28_p%	0.28225
Macédoine_du_Nord	2016°	Part_des_employé·es_à_temp_partiel	+1_p%	0.01072
Malte	2016°	Part_des_employé·es_à_temp_partiel	+19_p%	0.19018000000000002
Mexique	2016°	Part_des_employé·es_à_temp_partiel	+17_p%	0.17356000000000002
Norvège	2016°	Part_des_employé·es_à_temp_partiel	+23_p%	0.23212999999999998
Nouvelle-Zélande	2016°	Part_des_employé·es_à_temp_partiel	+21_p%	0.20798000000000003
OCDE_-_Total	2016°	Part_des_employé·es_à_temp_partiel	+20_p%	0.19508000000000003
Pays-Bas	2016°	Part_des_employé·es_à_temp_partiel	+47_p%	0.46837999999999996
Pologne	2016°	Part_des_employé·es_à_temp_partiel	+6_p%	0.05976000000000001
Portugal	2016°	Part_des_employé·es_à_temp_partiel	+5_p%	0.05314000000000001
Pérou	2016°	Part_des_employé·es_à_temp_partiel	+16_p%	0.15812
Roumanie	2016°	Part_des_employé·es_à_temp_partiel	+1_p%	0.011020000000000004
Royaume-Uni	2016°	Part_des_employé·es_à_temp_partiel	+29_p%	0.28908
Russie	2016°	Part_des_employé·es_à_temp_partiel	+5_p%	0.05013000000000001
Seychelles	2016°	Part_des_employé·es_à_temp_partiel	+8_p%	0.07886
Slovaquie	2016°	Part_des_employé·es_à_temp_partiel	+4_p%	0.03939
Slovénie	2016°	Part_des_employé·es_à_temp_partiel	+7_p%	0.07103000000000001
Suisse	2016°	Part_des_employé·es_à_temp_partiel	+42_p%	0.41639
Suède	2016°	Part_des_employé·es_à_temp_partiel	+17_p%	0.17409999999999998
Turquie	2016°	Part_des_employé·es_à_temp_partiel	+12_p%	0.11945
États-Unis	2016°	Part_des_employé·es_à_temp_partiel	+13_p%	0.12524999999999997
Afrique_du_Sud	2017°	Part_des_employé·es_à_temp_partiel	+8_p%	0.08390999999999998
Allemagne	2017°	Part_des_employé·es_à_temp_partiel	+36_p%	0.35705999999999993
Argentine	2017°	Part_des_employé·es_à_temp_partiel	+21_p%	0.21226
Australie	2017°	Part_des_employé·es_à_temp_partiel	+28_p%	0.28246
Autriche	2017°	Part_des_employé·es_à_temp_partiel	+36_p%	0.35859
Belgique	2017°	Part_des_employé·es_à_temp_partiel	+31_p%	0.30735
Bulgarie	2017°	Part_des_employé·es_à_temp_partiel	+1_p%	0.007050000000000001
Canada	2017°	Part_des_employé·es_à_temp_partiel	+13_p%	0.1326
Chili	2017°	Part_des_employé·es_à_temp_partiel	+14_p%	0.14154999999999998
Chypre	2017°	Part_des_employé·es_à_temp_partiel	+6_p%	0.06053000000000001
Colombie	2017°	Part_des_employé·es_à_temp_partiel	+17_p%	0.1723
Costa_Rica	2017°	Part_des_employé·es_à_temp_partiel	+18_p%	0.17547999999999997
Croatie	2017°	Part_des_employé·es_à_temp_partiel	+2_p%	0.021079999999999998
Danemark	2017°	Part_des_employé·es_à_temp_partiel	+20_p%	0.20339
Espagne	2017°	Part_des_employé·es_à_temp_partiel	+17_p%	0.16826
Estonie	2017°	Part_des_employé·es_à_temp_partiel	+8_p%	0.08224000000000001
Finlande	2017°	Part_des_employé·es_à_temp_partiel	+10_p%	0.09730999999999998
France	2017°	Part_des_employé·es_à_temp_partiel	+22_p%	0.21843000000000004
Grèce	2017°	Part_des_employé·es_à_temp_partiel	+7_p%	0.07371
Hongrie	2017°	Part_des_employé·es_à_temp_partiel	+4_p%	0.0374
Indonésie	2017°	Part_des_employé·es_à_temp_partiel	+15_p%	0.14886
Irlande	2017°	Part_des_employé·es_à_temp_partiel	+21_p%	0.20937999999999998
Islande	2017°	Part_des_employé·es_à_temp_partiel	+21_p%	0.21434999999999996
Israël	2017°	Part_des_employé·es_à_temp_partiel	+19_p%	0.18895000000000003
Italie	2017°	Part_des_employé·es_à_temp_partiel	+24_p%	0.23810000000000003
Japon	2017°	Part_des_employé·es_à_temp_partiel	+25_p%	0.2512
Lettonie	2017°	Part_des_employé·es_à_temp_partiel	+6_p%	0.0628
Lituanie	2017°	Part_des_employé·es_à_temp_partiel	+4_p%	0.04043
Luxembourg	2017°	Part_des_employé·es_à_temp_partiel	+29_p%	0.29303999999999997
Macédoine_du_Nord	2017°	Part_des_employé·es_à_temp_partiel	+0_p%	0.0035000000000000053
Malte	2017°	Part_des_employé·es_à_temp_partiel	+18_p%	0.17511
Mexique	2017°	Part_des_employé·es_à_temp_partiel	+17_p%	0.17271999999999998
Norvège	2017°	Part_des_employé·es_à_temp_partiel	+22_p%	0.22372999999999998
Nouvelle-Zélande	2017°	Part_des_employé·es_à_temp_partiel	+20_p%	0.20359000000000002
OCDE_-_Total	2017°	Part_des_employé·es_à_temp_partiel	+19_p%	0.19335000000000002
Pays-Bas	2017°	Part_des_employé·es_à_temp_partiel	+45_p%	0.45397999999999994
Pologne	2017°	Part_des_employé·es_à_temp_partiel	+6_p%	0.06307
Portugal	2017°	Part_des_employé·es_à_temp_partiel	+6_p%	0.056299999999999996
Pérou	2017°	Part_des_employé·es_à_temp_partiel	+15_p%	0.15106000000000003
Roumanie	2017°	Part_des_employé·es_à_temp_partiel	+1_p%	0.007380000000000005
Royaume-Uni	2017°	Part_des_employé·es_à_temp_partiel	+29_p%	0.28624000000000005
Russie	2017°	Part_des_employé·es_à_temp_partiel	+5_p%	0.047479999999999994
Seychelles	2017°	Part_des_employé·es_à_temp_partiel	+9_p%	0.08649000000000001
Slovaquie	2017°	Part_des_employé·es_à_temp_partiel	+4_p%	0.041990000000000006
Slovénie	2017°	Part_des_employé·es_à_temp_partiel	+7_p%	0.07475000000000001
Suisse	2017°	Part_des_employé·es_à_temp_partiel	+41_p%	0.41119
Suède	2017°	Part_des_employé·es_à_temp_partiel	+16_p%	0.16205999999999995
Turquie	2017°	Part_des_employé·es_à_temp_partiel	+12_p%	0.11971
États-Unis	2017°	Part_des_employé·es_à_temp_partiel	+12_p%	0.12335000000000002
Afrique_du_Sud	2018°	Part_des_employé·es_à_temp_partiel	+9_p%	0.08553000000000001
Allemagne	2018°	Part_des_employé·es_à_temp_partiel	+36_p%	0.35662999999999995
Argentine	2018°	Part_des_employé·es_à_temp_partiel	+24_p%	0.24291000000000001
Australie	2018°	Part_des_employé·es_à_temp_partiel	+28_p%	0.27709999999999996
Autriche	2018°	Part_des_employé·es_à_temp_partiel	+36_p%	0.36293
Belgique	2018°	Part_des_employé·es_à_temp_partiel	+31_p%	0.31043
Bulgarie	2018°	Part_des_employé·es_à_temp_partiel	+1_p%	0.007149999999999998
Canada	2018°	Part_des_employé·es_à_temp_partiel	+13_p%	0.13389
Chili	2018°	Part_des_employé·es_à_temp_partiel	+13_p%	0.13202999999999998
Chypre	2018°	Part_des_employé·es_à_temp_partiel	+6_p%	0.06138999999999999
Colombie	2018°	Part_des_employé·es_à_temp_partiel	+17_p%	0.16842
Costa_Rica	2018°	Part_des_employé·es_à_temp_partiel	+21_p%	0.20909000000000003
Croatie	2018°	Part_des_employé·es_à_temp_partiel	+3_p%	0.028840000000000005
Danemark	2018°	Part_des_employé·es_à_temp_partiel	+20_p%	0.20325000000000004
Espagne	2018°	Part_des_employé·es_à_temp_partiel	+17_p%	0.17137
Estonie	2018°	Part_des_employé·es_à_temp_partiel	+9_p%	0.09017999999999998
Finlande	2018°	Part_des_employé·es_à_temp_partiel	+10_p%	0.09883999999999998
France	2018°	Part_des_employé·es_à_temp_partiel	+21_p%	0.20924999999999996
Grèce	2018°	Part_des_employé·es_à_temp_partiel	+7_p%	0.06914
Hongrie	2018°	Part_des_employé·es_à_temp_partiel	+4_p%	0.03769
Irlande	2018°	Part_des_employé·es_à_temp_partiel	+21_p%	0.21403
Islande	2018°	Part_des_employé·es_à_temp_partiel	+22_p%	0.21536999999999998
Israël	2018°	Part_des_employé·es_à_temp_partiel	+18_p%	0.1849
Italie	2018°	Part_des_employé·es_à_temp_partiel	+24_p%	0.23892000000000002
Japon	2018°	Part_des_employé·es_à_temp_partiel	+26_p%	0.25576
Lettonie	2018°	Part_des_employé·es_à_temp_partiel	+6_p%	0.055869999999999996
Lituanie	2018°	Part_des_employé·es_à_temp_partiel	+4_p%	0.04009999999999999
Luxembourg	2018°	Part_des_employé·es_à_temp_partiel	+26_p%	0.25866999999999996
Macédoine_du_Nord	2018°	Part_des_employé·es_à_temp_partiel	+0_p%	0.0002300000000000013
Malte	2018°	Part_des_employé·es_à_temp_partiel	+15_p%	0.15100999999999998
Mexique	2018°	Part_des_employé·es_à_temp_partiel	+17_p%	0.17165
Norvège	2018°	Part_des_employé·es_à_temp_partiel	+22_p%	0.22438000000000002
Nouvelle-Zélande	2018°	Part_des_employé·es_à_temp_partiel	+20_p%	0.19852999999999998
OCDE_-_Total	2018°	Part_des_employé·es_à_temp_partiel	+19_p%	0.1913
Pays-Bas	2018°	Part_des_employé·es_à_temp_partiel	+45_p%	0.44784999999999997
Pologne	2018°	Part_des_employé·es_à_temp_partiel	+6_p%	0.058390000000000004
Portugal	2018°	Part_des_employé·es_à_temp_partiel	+5_p%	0.04696999999999999
Pérou	2018°	Part_des_employé·es_à_temp_partiel	+15_p%	0.14826
Roumanie	2018°	Part_des_employé·es_à_temp_partiel	+1_p%	0.011469999999999994
Royaume-Uni	2018°	Part_des_employé·es_à_temp_partiel	+28_p%	0.28244
Russie	2018°	Part_des_employé·es_à_temp_partiel	+5_p%	0.050280000000000005
Seychelles	2018°	Part_des_employé·es_à_temp_partiel	+9_p%	0.08523
Slovaquie	2018°	Part_des_employé·es_à_temp_partiel	+4_p%	0.039369999999999995
Slovénie	2018°	Part_des_employé·es_à_temp_partiel	+8_p%	0.08195000000000001
Suisse	2018°	Part_des_employé·es_à_temp_partiel	+41_p%	0.41436999999999996
Suède	2018°	Part_des_employé·es_à_temp_partiel	+16_p%	0.15551
Turquie	2018°	Part_des_employé·es_à_temp_partiel	+11_p%	0.11210999999999999
États-Unis	2018°	Part_des_employé·es_à_temp_partiel	+12_p%	0.12043000000000001
Afrique_du_Sud	2019°	Part_des_employé·es_à_temp_partiel	+8_p%	0.08269
Allemagne	2019°	Part_des_employé·es_à_temp_partiel	+36_p%	0.35753
Argentine	2019°	Part_des_employé·es_à_temp_partiel	+24_p%	0.23865000000000003
Australie	2019°	Part_des_employé·es_à_temp_partiel	+27_p%	0.26964
Autriche	2019°	Part_des_employé·es_à_temp_partiel	+37_p%	0.36993000000000004
Belgique	2019°	Part_des_employé·es_à_temp_partiel	+30_p%	0.30375
Bulgarie	2019°	Part_des_employé·es_à_temp_partiel	+1_p%	0.00788
Canada	2019°	Part_des_employé·es_à_temp_partiel	+13_p%	0.12645
Chili	2019°	Part_des_employé·es_à_temp_partiel	+13_p%	0.12681
Chypre	2019°	Part_des_employé·es_à_temp_partiel	+7_p%	0.07102
Colombie	2019°	Part_des_employé·es_à_temp_partiel	+17_p%	0.17149999999999999
Costa_Rica	2019°	Part_des_employé·es_à_temp_partiel	+20_p%	0.19888000000000003
Croatie	2019°	Part_des_employé·es_à_temp_partiel	+4_p%	0.03511
Danemark	2019°	Part_des_employé·es_à_temp_partiel	+19_p%	0.18895000000000003
Espagne	2019°	Part_des_employé·es_à_temp_partiel	+17_p%	0.16817999999999997
Estonie	2019°	Part_des_employé·es_à_temp_partiel	+10_p%	0.09696000000000002
Finlande	2019°	Part_des_employé·es_à_temp_partiel	+10_p%	0.10482999999999999
France	2019°	Part_des_employé·es_à_temp_partiel	+20_p%	0.20283
Grèce	2019°	Part_des_employé·es_à_temp_partiel	+7_p%	0.07485
Hongrie	2019°	Part_des_employé·es_à_temp_partiel	+4_p%	0.04257999999999999
Irlande	2019°	Part_des_employé·es_à_temp_partiel	+22_p%	0.22143000000000002
Islande	2019°	Part_des_employé·es_à_temp_partiel	+21_p%	0.21416999999999997
Israël	2019°	Part_des_employé·es_à_temp_partiel	+18_p%	0.17920999999999998
Italie	2019°	Part_des_employé·es_à_temp_partiel	+24_p%	0.24122000000000005
Japon	2019°	Part_des_employé·es_à_temp_partiel	+25_p%	0.24931999999999999
Lettonie	2019°	Part_des_employé·es_à_temp_partiel	+6_p%	0.05558
Lituanie	2019°	Part_des_employé·es_à_temp_partiel	+4_p%	0.03548
Luxembourg	2019°	Part_des_employé·es_à_temp_partiel	+24_p%	0.24050999999999997
Macédoine_du_Nord	2019°	Part_des_employé·es_à_temp_partiel	+0_p%	0.0024699999999999987
Malte	2019°	Part_des_employé·es_à_temp_partiel	+14_p%	0.14168
Mexique	2019°	Part_des_employé·es_à_temp_partiel	+18_p%	0.17588
Norvège	2019°	Part_des_employé·es_à_temp_partiel	+22_p%	0.22064000000000003
Nouvelle-Zélande	2019°	Part_des_employé·es_à_temp_partiel	+19_p%	0.18908000000000003
OCDE_-_Total	2019°	Part_des_employé·es_à_temp_partiel	+19_p%	0.18847999999999998
Pays-Bas	2019°	Part_des_employé·es_à_temp_partiel	+44_p%	0.44055999999999995
Pologne	2019°	Part_des_employé·es_à_temp_partiel	+6_p%	0.058050000000000004
Portugal	2019°	Part_des_employé·es_à_temp_partiel	+6_p%	0.055629999999999985
Pérou	2019°	Part_des_employé·es_à_temp_partiel	+14_p%	0.13929
Roumanie	2019°	Part_des_employé·es_à_temp_partiel	+1_p%	0.008890000000000002
Royaume-Uni	2019°	Part_des_employé·es_à_temp_partiel	+27_p%	0.2746
Russie	2019°	Part_des_employé·es_à_temp_partiel	+5_p%	0.052169999999999994
Seychelles	2019°	Part_des_employé·es_à_temp_partiel	+8_p%	0.08076
Slovaquie	2019°	Part_des_employé·es_à_temp_partiel	+4_p%	0.036789999999999996
Slovénie	2019°	Part_des_employé·es_à_temp_partiel	+8_p%	0.07579
Suisse	2019°	Part_des_employé·es_à_temp_partiel	+42_p%	0.42161000000000004
Suède	2019°	Part_des_employé·es_à_temp_partiel	+15_p%	0.14629
Turquie	2019°	Part_des_employé·es_à_temp_partiel	+10_p%	0.09783999999999998
États-Unis	2019°	Part_des_employé·es_à_temp_partiel	+12_p%	0.11814
Afrique_du_Sud	2020°	Part_des_employé·es_à_temp_partiel	+8_p%	0.07800000000000001
Allemagne	2020°	Part_des_employé·es_à_temp_partiel	+36_p%	0.36032
Argentine	2020°	Part_des_employé·es_à_temp_partiel	+22_p%	0.21956000000000003
Australie	2020°	Part_des_employé·es_à_temp_partiel	+27_p%	0.26569
Autriche	2020°	Part_des_employé·es_à_temp_partiel	+37_p%	0.3658199999999999
Belgique	2020°	Part_des_employé·es_à_temp_partiel	+29_p%	0.29207
Bulgarie	2020°	Part_des_employé·es_à_temp_partiel	+1_p%	0.009079999999999998
Canada	2020°	Part_des_employé·es_à_temp_partiel	+12_p%	0.12191999999999999
Chili	2020°	Part_des_employé·es_à_temp_partiel	+12_p%	0.11556
Chypre	2020°	Part_des_employé·es_à_temp_partiel	+6_p%	0.05897
Colombie	2020°	Part_des_employé·es_à_temp_partiel	+15_p%	0.15136000000000002
Costa_Rica	2020°	Part_des_employé·es_à_temp_partiel	+16_p%	0.15608999999999998
Croatie	2020°	Part_des_employé·es_à_temp_partiel	+3_p%	0.0278
Danemark	2020°	Part_des_employé·es_à_temp_partiel	+18_p%	0.18182
Espagne	2020°	Part_des_employé·es_à_temp_partiel	+16_p%	0.16045
Estonie	2020°	Part_des_employé·es_à_temp_partiel	+10_p%	0.09502
Finlande	2020°	Part_des_employé·es_à_temp_partiel	+9_p%	0.08607000000000001
France	2020°	Part_des_employé·es_à_temp_partiel	+19_p%	0.19068000000000002
Grèce	2020°	Part_des_employé·es_à_temp_partiel	+7_p%	0.072
Hongrie	2020°	Part_des_employé·es_à_temp_partiel	+5_p%	0.047189999999999996
Irlande	2020°	Part_des_employé·es_à_temp_partiel	+20_p%	0.20067999999999997
Islande	2020°	Part_des_employé·es_à_temp_partiel	+22_p%	0.21793999999999997
Israël	2020°	Part_des_employé·es_à_temp_partiel	+17_p%	0.16945
Italie	2020°	Part_des_employé·es_à_temp_partiel	+24_p%	0.23618000000000003
Japon	2020°	Part_des_employé·es_à_temp_partiel	+25_p%	0.24592
Lettonie	2020°	Part_des_employé·es_à_temp_partiel	+5_p%	0.05265
Lituanie	2020°	Part_des_employé·es_à_temp_partiel	+3_p%	0.03181000000000001
Luxembourg	2020°	Part_des_employé·es_à_temp_partiel	+24_p%	0.23701999999999998
Macédoine_du_Nord	2020°	Part_des_employé·es_à_temp_partiel	+1_p%	0.008090000000000002
Malte	2020°	Part_des_employé·es_à_temp_partiel	+15_p%	0.14824
Mexique	2020°	Part_des_employé·es_à_temp_partiel	+16_p%	0.15931
Norvège	2020°	Part_des_employé·es_à_temp_partiel	+20_p%	0.20293
Nouvelle-Zélande	2020°	Part_des_employé·es_à_temp_partiel	+18_p%	0.18154000000000003
OCDE_-_Total	2020°	Part_des_employé·es_à_temp_partiel	+18_p%	0.18182
Pays-Bas	2020°	Part_des_employé·es_à_temp_partiel	+44_p%	0.43772
Pologne	2020°	Part_des_employé·es_à_temp_partiel	+6_p%	0.05673
Portugal	2020°	Part_des_employé·es_à_temp_partiel	+5_p%	0.04886
Pérou	2020°	Part_des_employé·es_à_temp_partiel	+15_p%	0.15205000000000002
Roumanie	2020°	Part_des_employé·es_à_temp_partiel	+1_p%	0.007000000000000002
Royaume-Uni	2020°	Part_des_employé·es_à_temp_partiel	+27_p%	0.26629
Russie	2020°	Part_des_employé·es_à_temp_partiel	+7_p%	0.0659
Seychelles	2020°	Part_des_employé·es_à_temp_partiel	+8_p%	0.07881
Slovaquie	2020°	Part_des_employé·es_à_temp_partiel	+4_p%	0.04267000000000001
Slovénie	2020°	Part_des_employé·es_à_temp_partiel	+7_p%	0.0689
Suisse	2020°	Part_des_employé·es_à_temp_partiel	+41_p%	0.40814
Suède	2020°	Part_des_employé·es_à_temp_partiel	+13_p%	0.13376000000000002
Turquie	2020°	Part_des_employé·es_à_temp_partiel	+10_p%	0.09762
États-Unis	2020°	Part_des_employé·es_à_temp_partiel	+11_p%	0.10815999999999999
Afrique_du_Sud	2021°	Part_des_employé·es_à_temp_partiel	+8_p%	0.08043000000000002
Allemagne	2021°	Part_des_employé·es_à_temp_partiel	+36_p%	0.35589999999999994
Argentine	2021°	Part_des_employé·es_à_temp_partiel	+21_p%	0.21058
Australie	2021°	Part_des_employé·es_à_temp_partiel	+26_p%	0.25551
Autriche	2021°	Part_des_employé·es_à_temp_partiel	+38_p%	0.38012
Belgique	2021°	Part_des_employé·es_à_temp_partiel	+29_p%	0.28785000000000005
Bulgarie	2021°	Part_des_employé·es_à_temp_partiel	+1_p%	0.009480000000000002
Canada	2021°	Part_des_employé·es_à_temp_partiel	+11_p%	0.11301000000000001
Chili	2021°	Part_des_employé·es_à_temp_partiel	+12_p%	0.1153
Chypre	2021°	Part_des_employé·es_à_temp_partiel	+3_p%	0.031080000000000007
Colombie	2021°	Part_des_employé·es_à_temp_partiel	+11_p%	0.11048
Costa_Rica	2021°	Part_des_employé·es_à_temp_partiel	+17_p%	0.16878000000000004
Croatie	2021°	Part_des_employé·es_à_temp_partiel	+2_p%	0.016260000000000004
Danemark	2021°	Part_des_employé·es_à_temp_partiel	+19_p%	0.18642000000000003
Espagne	2021°	Part_des_employé·es_à_temp_partiel	+16_p%	0.15927999999999998
Estonie	2021°	Part_des_employé·es_à_temp_partiel	+10_p%	0.09716
Finlande	2021°	Part_des_employé·es_à_temp_partiel	+11_p%	0.11111
France	2021°	Part_des_employé·es_à_temp_partiel	+20_p%	0.19608
Grèce	2021°	Part_des_employé·es_à_temp_partiel	+7_p%	0.07289000000000001
Hongrie	2021°	Part_des_employé·es_à_temp_partiel	+4_p%	0.04263
Irlande	2021°	Part_des_employé·es_à_temp_partiel	+20_p%	0.19627
Islande	2021°	Part_des_employé·es_à_temp_partiel	+22_p%	0.22492000000000004
Israël	2021°	Part_des_employé·es_à_temp_partiel	+17_p%	0.17107
Italie	2021°	Part_des_employé·es_à_temp_partiel	+23_p%	0.22526
Japon	2021°	Part_des_employé·es_à_temp_partiel	+24_p%	0.24077
Lettonie	2021°	Part_des_employé·es_à_temp_partiel	+5_p%	0.052059999999999995
Lituanie	2021°	Part_des_employé·es_à_temp_partiel	+4_p%	0.038
Luxembourg	2021°	Part_des_employé·es_à_temp_partiel	+24_p%	0.23619
Macédoine_du_Nord	2021°	Part_des_employé·es_à_temp_partiel	+1_p%	0.009770000000000003
Malte	2021°	Part_des_employé·es_à_temp_partiel	+12_p%	0.11790999999999999
Mexique	2021°	Part_des_employé·es_à_temp_partiel	+16_p%	0.15851999999999997
Norvège	2021°	Part_des_employé·es_à_temp_partiel	+19_p%	0.19115999999999997
Nouvelle-Zélande	2021°	Part_des_employé·es_à_temp_partiel	+18_p%	0.17809
OCDE_-_Total	2021°	Part_des_employé·es_à_temp_partiel	+18_p%	0.17672000000000002
Pays-Bas	2021°	Part_des_employé·es_à_temp_partiel	+42_p%	0.41986000000000007
Pologne	2021°	Part_des_employé·es_à_temp_partiel	+4_p%	0.043730000000000005
Portugal	2021°	Part_des_employé·es_à_temp_partiel	+4_p%	0.03925
Pérou	2021°	Part_des_employé·es_à_temp_partiel	+15_p%	0.14818999999999996
Roumanie	2021°	Part_des_employé·es_à_temp_partiel	-1_p%	0.009329999999999998
Royaume-Uni	2021°	Part_des_employé·es_à_temp_partiel	+25_p%	0.24980000000000005
Seychelles	2021°	Part_des_employé·es_à_temp_partiel	+7_p%	0.07232999999999999
Slovaquie	2021°	Part_des_employé·es_à_temp_partiel	+3_p%	0.028929999999999997
Slovénie	2021°	Part_des_employé·es_à_temp_partiel	+6_p%	0.06326000000000001
Suisse	2021°	Part_des_employé·es_à_temp_partiel	+40_p%	0.40387
Suède	2021°	Part_des_employé·es_à_temp_partiel	+16_p%	0.16161999999999999
Turquie	2021°	Part_des_employé·es_à_temp_partiel	+9_p%	0.09129999999999999
États-Unis	2021°	Part_des_employé·es_à_temp_partiel	+11_p%	0.10916000000000002
Afrique_du_Sud	2022°	Part_des_employé·es_à_temp_partiel	+7_p%	0.06691000000000001
Allemagne	2022°	Part_des_employé·es_à_temp_partiel	+35_p%	0.35028000000000004
Argentine	2022°	Part_des_employé·es_à_temp_partiel	+22_p%	0.2238
Australie	2022°	Part_des_employé·es_à_temp_partiel	+25_p%	0.24983999999999998
Autriche	2022°	Part_des_employé·es_à_temp_partiel	+38_p%	0.38130000000000003
Belgique	2022°	Part_des_employé·es_à_temp_partiel	+27_p%	0.27124
Bulgarie	2022°	Part_des_employé·es_à_temp_partiel	+1_p%	0.00619
Canada	2022°	Part_des_employé·es_à_temp_partiel	+12_p%	0.12103
Chili	2022°	Part_des_employé·es_à_temp_partiel	+12_p%	0.12014000000000001
Chypre	2022°	Part_des_employé·es_à_temp_partiel	+3_p%	0.03414
Colombie	2022°	Part_des_employé·es_à_temp_partiel	+12_p%	0.11629000000000002
Costa_Rica	2022°	Part_des_employé·es_à_temp_partiel	+17_p%	0.16731000000000001
Croatie	2022°	Part_des_employé·es_à_temp_partiel	+2_p%	0.02061
Danemark	2022°	Part_des_employé·es_à_temp_partiel	+19_p%	0.19026000000000004
Espagne	2022°	Part_des_employé·es_à_temp_partiel	+15_p%	0.15145999999999998
Estonie	2022°	Part_des_employé·es_à_temp_partiel	+11_p%	0.10830999999999998
Finlande	2022°	Part_des_employé·es_à_temp_partiel	+11_p%	0.11055999999999999
France	2022°	Part_des_employé·es_à_temp_partiel	+18_p%	0.18070999999999998
Grèce	2022°	Part_des_employé·es_à_temp_partiel	+7_p%	0.07218
Hongrie	2022°	Part_des_employé·es_à_temp_partiel	+4_p%	0.0371
Irlande	2022°	Part_des_employé·es_à_temp_partiel	+20_p%	0.19966
Islande	2022°	Part_des_employé·es_à_temp_partiel	+20_p%	0.20213
Israël	2022°	Part_des_employé·es_à_temp_partiel	+18_p%	0.17918
Italie	2022°	Part_des_employé·es_à_temp_partiel	+24_p%	0.23518
Japon	2022°	Part_des_employé·es_à_temp_partiel	+24_p%	0.24161000000000002
Lettonie	2022°	Part_des_employé·es_à_temp_partiel	+5_p%	0.054720000000000005
Lituanie	2022°	Part_des_employé·es_à_temp_partiel	+4_p%	0.040720000000000006
Luxembourg	2022°	Part_des_employé·es_à_temp_partiel	+23_p%	0.23323
Macédoine_du_Nord	2022°	Part_des_employé·es_à_temp_partiel	+1_p%	0.005110000000000006
Malte	2022°	Part_des_employé·es_à_temp_partiel	+13_p%	0.1303
Mexique	2022°	Part_des_employé·es_à_temp_partiel	+16_p%	0.15868999999999997
Norvège	2022°	Part_des_employé·es_à_temp_partiel	+18_p%	0.18324000000000001
Nouvelle-Zélande	2022°	Part_des_employé·es_à_temp_partiel	+17_p%	0.17366999999999996
OCDE_-_Total	2022°	Part_des_employé·es_à_temp_partiel	+17_p%	0.17367000000000002
Pays-Bas	2022°	Part_des_employé·es_à_temp_partiel	+40_p%	0.39604999999999996
Pologne	2022°	Part_des_employé·es_à_temp_partiel	+4_p%	0.04237
Portugal	2022°	Part_des_employé·es_à_temp_partiel	+4_p%	0.04026999999999999
Pérou	2022°	Part_des_employé·es_à_temp_partiel	+16_p%	0.16200000000000003
Roumanie	2022°	Part_des_employé·es_à_temp_partiel	-1_p%	0.007450000000000001
Royaume-Uni	2022°	Part_des_employé·es_à_temp_partiel	+25_p%	0.24593
Seychelles	2022°	Part_des_employé·es_à_temp_partiel	+8_p%	0.07818
Slovaquie	2022°	Part_des_employé·es_à_temp_partiel	+2_p%	0.023310000000000004
Slovénie	2022°	Part_des_employé·es_à_temp_partiel	+6_p%	0.06453
Suisse	2022°	Part_des_employé·es_à_temp_partiel	+39_p%	0.39045
Suède	2022°	Part_des_employé·es_à_temp_partiel	+15_p%	0.15
Turquie	2022°	Part_des_employé·es_à_temp_partiel	+9_p%	0.08825000000000001
États-Unis	2022°	Part_des_employé·es_à_temp_partiel	+10_p%	0.10476
Afrique_du_Sud	2023°	Part_des_employé·es_à_temp_partiel	+7_p%	0.07214999999999999
Allemagne	2023°	Part_des_employé·es_à_temp_partiel	+35_p%	0.35202999999999995
Argentine	2023°	Part_des_employé·es_à_temp_partiel	+23_p%	0.23242000000000004
Australie	2023°	Part_des_employé·es_à_temp_partiel	+24_p%	0.23642999999999997
Autriche	2023°	Part_des_employé·es_à_temp_partiel	+37_p%	0.37186
Belgique	2023°	Part_des_employé·es_à_temp_partiel	+27_p%	0.26856
Bulgarie	2023°	Part_des_employé·es_à_temp_partiel	+0_p%	0.00419
Canada	2023°	Part_des_employé·es_à_temp_partiel	+11_p%	0.10927000000000002
Chili	2023°	Part_des_employé·es_à_temp_partiel	+12_p%	0.11501
Chypre	2023°	Part_des_employé·es_à_temp_partiel	+4_p%	0.044
Colombie	2023°	Part_des_employé·es_à_temp_partiel	+13_p%	0.12579
Costa_Rica	2023°	Part_des_employé·es_à_temp_partiel	+14_p%	0.14348
Croatie	2023°	Part_des_employé·es_à_temp_partiel	+1_p%	0.012249999999999997
Danemark	2023°	Part_des_employé·es_à_temp_partiel	+19_p%	0.18969000000000003
Espagne	2023°	Part_des_employé·es_à_temp_partiel	+14_p%	0.14479999999999998
Estonie	2023°	Part_des_employé·es_à_temp_partiel	+9_p%	0.09255999999999999
Finlande	2023°	Part_des_employé·es_à_temp_partiel	+10_p%	0.10475000000000001
France	2023°	Part_des_employé·es_à_temp_partiel	+18_p%	0.17859999999999998
Grèce	2023°	Part_des_employé·es_à_temp_partiel	+8_p%	0.0757
Hongrie	2023°	Part_des_employé·es_à_temp_partiel	+3_p%	0.034769999999999995
Irlande	2023°	Part_des_employé·es_à_temp_partiel	+20_p%	0.20382
Islande	2023°	Part_des_employé·es_à_temp_partiel	+20_p%	0.20096
Israël	2023°	Part_des_employé·es_à_temp_partiel	+18_p%	0.17778
Italie	2023°	Part_des_employé·es_à_temp_partiel	+23_p%	0.23497999999999997
Japon	2023°	Part_des_employé·es_à_temp_partiel	+24_p%	0.23607999999999996
Lettonie	2023°	Part_des_employé·es_à_temp_partiel	+5_p%	0.04659
Lituanie	2023°	Part_des_employé·es_à_temp_partiel	+4_p%	0.040290000000000006
Luxembourg	2023°	Part_des_employé·es_à_temp_partiel	+21_p%	0.20518999999999998
Macédoine_du_Nord	2023°	Part_des_employé·es_à_temp_partiel	+0_p%	9.000000000000341e-05
Malte	2023°	Part_des_employé·es_à_temp_partiel	+12_p%	0.11569999999999998
Mexique	2023°	Part_des_employé·es_à_temp_partiel	+16_p%	0.16353999999999996
Norvège	2023°	Part_des_employé·es_à_temp_partiel	+17_p%	0.17255999999999996
Nouvelle-Zélande	2023°	Part_des_employé·es_à_temp_partiel	+17_p%	0.17320999999999998
OCDE_-_Total	2023°	Part_des_employé·es_à_temp_partiel	+17_p%	0.17264000000000002
Pays-Bas	2023°	Part_des_employé·es_à_temp_partiel	+39_p%	0.39179
Pologne	2023°	Part_des_employé·es_à_temp_partiel	+5_p%	0.04654
Portugal	2023°	Part_des_employé·es_à_temp_partiel	+5_p%	0.05013999999999999
Pérou	2023°	Part_des_employé·es_à_temp_partiel	+16_p%	0.15872999999999998
Roumanie	2023°	Part_des_employé·es_à_temp_partiel	-1_p%	0.0071899999999999985
Royaume-Uni	2023°	Part_des_employé·es_à_temp_partiel	+24_p%	0.23918
Seychelles	2023°	Part_des_employé·es_à_temp_partiel	+9_p%	0.0873
Slovaquie	2023°	Part_des_employé·es_à_temp_partiel	+3_p%	0.031
Slovénie	2023°	Part_des_employé·es_à_temp_partiel	+7_p%	0.06755000000000001
Suisse	2023°	Part_des_employé·es_à_temp_partiel	+38_p%	0.38399
Suède	2023°	Part_des_employé·es_à_temp_partiel	+14_p%	0.13985999999999998
Turquie	2023°	Part_des_employé·es_à_temp_partiel	+8_p%	0.08263000000000002
États-Unis	2023°	Part_des_employé·es_à_temp_partiel	+11_p%	0.10777
Afrique_du_Sud	2024°	Part_des_employé·es_à_temp_partiel	+7_p%	0.06728000000000002
Allemagne	2024°	Part_des_employé·es_à_temp_partiel	+35_p%	0.35448999999999997
Australie	2024°	Part_des_employé·es_à_temp_partiel	+23_p%	0.23304000000000002
Autriche	2024°	Part_des_employé·es_à_temp_partiel	+37_p%	0.37395
Belgique	2024°	Part_des_employé·es_à_temp_partiel	+26_p%	0.26009
Bulgarie	2024°	Part_des_employé·es_à_temp_partiel	+0_p%	0.00395
Canada	2024°	Part_des_employé·es_à_temp_partiel	+11_p%	0.10932
Chili	2024°	Part_des_employé·es_à_temp_partiel	+11_p%	0.11389
Chypre	2024°	Part_des_employé·es_à_temp_partiel	+5_p%	0.048229999999999995
Colombie	2024°	Part_des_employé·es_à_temp_partiel	+12_p%	0.12130000000000002
Costa_Rica	2024°	Part_des_employé·es_à_temp_partiel	+15_p%	0.14721
Croatie	2024°	Part_des_employé·es_à_temp_partiel	+1_p%	0.013269999999999995
Danemark	2024°	Part_des_employé·es_à_temp_partiel	+20_p%	0.19967000000000001
Espagne	2024°	Part_des_employé·es_à_temp_partiel	+15_p%	0.14614
Estonie	2024°	Part_des_employé·es_à_temp_partiel	+10_p%	0.09503999999999997
Finlande	2024°	Part_des_employé·es_à_temp_partiel	+10_p%	0.09618999999999998
France	2024°	Part_des_employé·es_à_temp_partiel	+18_p%	0.18055999999999997
Grèce	2024°	Part_des_employé·es_à_temp_partiel	+7_p%	0.07065
Hongrie	2024°	Part_des_employé·es_à_temp_partiel	+4_p%	0.03796
Irlande	2024°	Part_des_employé·es_à_temp_partiel	+19_p%	0.18503
Islande	2024°	Part_des_employé·es_à_temp_partiel	+20_p%	0.20256
Israël	2024°	Part_des_employé·es_à_temp_partiel	+17_p%	0.17009
Italie	2024°	Part_des_employé·es_à_temp_partiel	+22_p%	0.22476
Japon	2024°	Part_des_employé·es_à_temp_partiel	+23_p%	0.22976000000000002
Lettonie	2024°	Part_des_employé·es_à_temp_partiel	+5_p%	0.05079999999999999
Lituanie	2024°	Part_des_employé·es_à_temp_partiel	+4_p%	0.03779
Luxembourg	2024°	Part_des_employé·es_à_temp_partiel	+21_p%	0.20687999999999998
Macédoine_du_Nord	2024°	Part_des_employé·es_à_temp_partiel	+1_p%	0.0056999999999999985
Malte	2024°	Part_des_employé·es_à_temp_partiel	+12_p%	0.12007999999999999
Mexique	2024°	Part_des_employé·es_à_temp_partiel	+16_p%	0.16268999999999997
Norvège	2024°	Part_des_employé·es_à_temp_partiel	+16_p%	0.16364
Nouvelle-Zélande	2024°	Part_des_employé·es_à_temp_partiel	+17_p%	0.16835999999999998
OCDE_-_Total	2024°	Part_des_employé·es_à_temp_partiel	+17_p%	0.17076999999999998
Pays-Bas	2024°	Part_des_employé·es_à_temp_partiel	+39_p%	0.3939999999999999
Pologne	2024°	Part_des_employé·es_à_temp_partiel	+5_p%	0.048249999999999994
Portugal	2024°	Part_des_employé·es_à_temp_partiel	+5_p%	0.045939999999999995
Pérou	2024°	Part_des_employé·es_à_temp_partiel	+14_p%	0.14458
Roumanie	2024°	Part_des_employé·es_à_temp_partiel	-1_p%	0.0065200000000000015
Royaume-Uni	2024°	Part_des_employé·es_à_temp_partiel	+23_p%	0.23012999999999997
Seychelles	2024°	Part_des_employé·es_à_temp_partiel	+9_p%	0.08998999999999999
Slovaquie	2024°	Part_des_employé·es_à_temp_partiel	+4_p%	0.03577
Slovénie	2024°	Part_des_employé·es_à_temp_partiel	+7_p%	0.06557
Suisse	2024°	Part_des_employé·es_à_temp_partiel	+38_p%	0.38195000000000007
Suède	2024°	Part_des_employé·es_à_temp_partiel	+13_p%	0.1293
Turquie	2024°	Part_des_employé·es_à_temp_partiel	+9_p%	0.08956
États-Unis	2024°	Part_des_employé·es_à_temp_partiel	+11_p%	0.10796000000000001
Afrique_du_Sud	2025°	Part_des_employé·es_à_temp_partiel	+7_p%	0.06987
Allemagne	2025°	Part_des_employé·es_à_temp_partiel	+35_p%	0.35413000000000006
Australie	2025°	Part_des_employé·es_à_temp_partiel	+23_p%	0.23065999999999998
Autriche	2025°	Part_des_employé·es_à_temp_partiel	+36_p%	0.35831
Belgique	2025°	Part_des_employé·es_à_temp_partiel	+25_p%	0.24989000000000006
Bulgarie	2025°	Part_des_employé·es_à_temp_partiel	+1_p%	0.005889999999999998
Canada	2025°	Part_des_employé·es_à_temp_partiel	+11_p%	0.10799999999999998
Chili	2025°	Part_des_employé·es_à_temp_partiel	+11_p%	0.11454
Chypre	2025°	Part_des_employé·es_à_temp_partiel	+4_p%	0.044180000000000004
Colombie	2025°	Part_des_employé·es_à_temp_partiel	+13_p%	0.12697
Costa_Rica	2025°	Part_des_employé·es_à_temp_partiel	+14_p%	0.13967
Croatie	2025°	Part_des_employé·es_à_temp_partiel	+2_p%	0.017709999999999993
Danemark	2025°	Part_des_employé·es_à_temp_partiel	+20_p%	0.19574000000000003
Espagne	2025°	Part_des_employé·es_à_temp_partiel	+15_p%	0.14518
Estonie	2025°	Part_des_employé·es_à_temp_partiel	+8_p%	0.08478
Finlande	2025°	Part_des_employé·es_à_temp_partiel	+10_p%	0.10334
France	2025°	Part_des_employé·es_à_temp_partiel	+17_p%	0.17321999999999999
Grèce	2025°	Part_des_employé·es_à_temp_partiel	+6_p%	0.05505
Hongrie	2025°	Part_des_employé·es_à_temp_partiel	+4_p%	0.044829999999999995
Irlande	2025°	Part_des_employé·es_à_temp_partiel	+19_p%	0.19174999999999998
Islande	2025°	Part_des_employé·es_à_temp_partiel	+19_p%	0.18684
Israël	2025°	Part_des_employé·es_à_temp_partiel	+17_p%	0.16978000000000001
Italie	2025°	Part_des_employé·es_à_temp_partiel	+21_p%	0.21306
Japon	2025°	Part_des_employé·es_à_temp_partiel	+23_p%	0.22668
Lettonie	2025°	Part_des_employé·es_à_temp_partiel	+6_p%	0.057879999999999994
Lituanie	2025°	Part_des_employé·es_à_temp_partiel	+4_p%	0.037079999999999995
Luxembourg	2025°	Part_des_employé·es_à_temp_partiel	+20_p%	0.20137
Macédoine_du_Nord	2025°	Part_des_employé·es_à_temp_partiel	+1_p%	0.00653
Malte	2025°	Part_des_employé·es_à_temp_partiel	+13_p%	0.12521000000000002
Mexique	2025°	Part_des_employé·es_à_temp_partiel	+15_p%	0.15437
Norvège	2025°	Part_des_employé·es_à_temp_partiel	+16_p%	0.15585000000000002
Nouvelle-Zélande	2025°	Part_des_employé·es_à_temp_partiel	+17_p%	0.17002000000000003
OCDE_-_Total	2025°	Part_des_employé·es_à_temp_partiel	+17_p%	0.16831
Pays-Bas	2025°	Part_des_employé·es_à_temp_partiel	+39_p%	0.38794999999999996
Pologne	2025°	Part_des_employé·es_à_temp_partiel	+5_p%	0.05200000000000001
Portugal	2025°	Part_des_employé·es_à_temp_partiel	+5_p%	0.04535000000000001
Roumanie	2025°	Part_des_employé·es_à_temp_partiel	-1_p%	0.010350000000000002
Royaume-Uni	2025°	Part_des_employé·es_à_temp_partiel	+23_p%	0.23033
Seychelles	2025°	Part_des_employé·es_à_temp_partiel	+9_p%	0.09409000000000001
Slovaquie	2025°	Part_des_employé·es_à_temp_partiel	+4_p%	0.03508
Slovénie	2025°	Part_des_employé·es_à_temp_partiel	+6_p%	0.06434000000000001
Suisse	2025°	Part_des_employé·es_à_temp_partiel	+38_p%	0.37637
Suède	2025°	Part_des_employé·es_à_temp_partiel	+12_p%	0.12375
Turquie	2025°	Part_des_employé·es_à_temp_partiel	+10_p%	0.09877000000000001
États-Unis	2025°	Part_des_employé·es_à_temp_partiel	+11_p%	0.10676999999999999
