Afrique_du_Sud	2010°	Part_des_employé·es_à_temp_plein	-8_p%	0.08100000000000009
Allemagne	2010°	Part_des_employé·es_à_temp_plein	-36_p%	0.36269999999999997
Australie	2010°	Part_des_employé·es_à_temp_plein	-29_p%	0.29244
Autriche	2010°	Part_des_employé·es_à_temp_plein	-35_p%	0.34629999999999994
Belgique	2010°	Part_des_employé·es_à_temp_plein	-33_p%	0.3345
Bulgarie	2010°	Part_des_employé·es_à_temp_plein	-1_p%	0.006989999999999981
Canada	2010°	Part_des_employé·es_à_temp_plein	-15_p%	0.1513799999999999
Chili	2010°	Part_des_employé·es_à_temp_plein	-15_p%	0.14578999999999995
Chypre	2010°	Part_des_employé·es_à_temp_plein	-6_p%	0.05897000000000006
Colombie	2010°	Part_des_employé·es_à_temp_plein	-17_p%	0.16796999999999998
Costa_Rica	2010°	Part_des_employé·es_à_temp_plein	-20_p%	0.20034999999999997
Croatie	2010°	Part_des_employé·es_à_temp_plein	-5_p%	0.05094000000000008
Danemark	2010°	Part_des_employé·es_à_temp_plein	-25_p%	0.24779000000000004
Espagne	2010°	Part_des_employé·es_à_temp_plein	-17_p%	0.17325999999999994
Estonie	2010°	Part_des_employé·es_à_temp_plein	-8_p%	0.07986000000000004
Finlande	2010°	Part_des_employé·es_à_temp_plein	-10_p%	0.09619
France	2010°	Part_des_employé·es_à_temp_plein	-23_p%	0.2346000000000001
Grèce	2010°	Part_des_employé·es_à_temp_plein	-7_p%	0.06668999999999997
Hongrie	2010°	Part_des_employé·es_à_temp_plein	-4_p%	0.041280000000000004
Indonésie	2010°	Part_des_employé·es_à_temp_plein	-15_p%	0.15146
Irlande	2010°	Part_des_employé·es_à_temp_plein	-23_p%	0.23207000000000008
Islande	2010°	Part_des_employé·es_à_temp_plein	-24_p%	0.23638999999999996
Israël	2010°	Part_des_employé·es_à_temp_plein	-22_p%	0.22328000000000003
Italie	2010°	Part_des_employé·es_à_temp_plein	-23_p%	0.23438000000000003
Japon	2010°	Part_des_employé·es_à_temp_plein	-23_p%	0.2348899999999999
Lettonie	2010°	Part_des_employé·es_à_temp_plein	-3_p%	0.033730000000000045
Lituanie	2010°	Part_des_employé·es_à_temp_plein	-3_p%	0.02555000000000007
Luxembourg	2010°	Part_des_employé·es_à_temp_plein	-32_p%	0.31908999999999993
Macédoine_du_Nord	2010°	Part_des_employé·es_à_temp_plein	-2_p%	0.02477000000000004
Malte	2010°	Part_des_employé·es_à_temp_plein	-19_p%	0.1899300000000001
Mexique	2010°	Part_des_employé·es_à_temp_plein	-18_p%	0.18311999999999998
Norvège	2010°	Part_des_employé·es_à_temp_plein	-27_p%	0.2723400000000001
Nouvelle-Zélande	2010°	Part_des_employé·es_à_temp_plein	-22_p%	0.2242
OCDE_-_Total	2010°	Part_des_employé·es_à_temp_plein	-20_p%	0.20197999999999994
Pays-Bas	2010°	Part_des_employé·es_à_temp_plein	-51_p%	0.51215
Pologne	2010°	Part_des_employé·es_à_temp_plein	-6_p%	0.05818999999999988
Portugal	2010°	Part_des_employé·es_à_temp_plein	-7_p%	0.07296000000000007
Pérou	2010°	Part_des_employé·es_à_temp_plein	-17_p%	0.16935000000000003
Roumanie	2010°	Part_des_employé·es_à_temp_plein	-1_p%	0.008249999999999886
Royaume-Uni	2010°	Part_des_employé·es_à_temp_plein	-31_p%	0.30662999999999996
Russie	2010°	Part_des_employé·es_à_temp_plein	-5_p%	0.04537999999999997
Seychelles	2010°	Part_des_employé·es_à_temp_plein	-7_p%	0.06953000000000004
Slovaquie	2010°	Part_des_employé·es_à_temp_plein	-3_p%	0.02658999999999992
Slovénie	2010°	Part_des_employé·es_à_temp_plein	-6_p%	0.06125
Suisse	2010°	Part_des_employé·es_à_temp_plein	-45_p%	0.45063000000000003
Suède	2010°	Part_des_employé·es_à_temp_plein	-22_p%	0.2184599999999999
Turquie	2010°	Part_des_employé·es_à_temp_plein	-17_p%	0.16680000000000006
États-Unis	2010°	Part_des_employé·es_à_temp_plein	-13_p%	0.13179999999999992
Afrique_du_Sud	2011°	Part_des_employé·es_à_temp_plein	-8_p%	0.07859000000000009
Allemagne	2011°	Part_des_employé·es_à_temp_plein	-36_p%	0.35836999999999997
Australie	2011°	Part_des_employé·es_à_temp_plein	-29_p%	0.29397000000000006
Autriche	2011°	Part_des_employé·es_à_temp_plein	-35_p%	0.35175000000000006
Belgique	2011°	Part_des_employé·es_à_temp_plein	-34_p%	0.3373100000000001
Bulgarie	2011°	Part_des_employé·es_à_temp_plein	-1_p%	0.007830000000000012
Canada	2011°	Part_des_employé·es_à_temp_plein	-15_p%	0.14712999999999993
Chili	2011°	Part_des_employé·es_à_temp_plein	-15_p%	0.15336
Chypre	2011°	Part_des_employé·es_à_temp_plein	-5_p%	0.05209000000000003
Colombie	2011°	Part_des_employé·es_à_temp_plein	-18_p%	0.17589
Costa_Rica	2011°	Part_des_employé·es_à_temp_plein	-16_p%	0.1598700000000001
Croatie	2011°	Part_des_employé·es_à_temp_plein	-4_p%	0.04269999999999996
Danemark	2011°	Part_des_employé·es_à_temp_plein	-24_p%	0.2371399999999999
Espagne	2011°	Part_des_employé·es_à_temp_plein	-17_p%	0.16959000000000002
Estonie	2011°	Part_des_employé·es_à_temp_plein	-10_p%	0.10343999999999993
Finlande	2011°	Part_des_employé·es_à_temp_plein	-9_p%	0.09071999999999988
France	2011°	Part_des_employé·es_à_temp_plein	-23_p%	0.23307000000000003
Grèce	2011°	Part_des_employé·es_à_temp_plein	-6_p%	0.05719999999999999
Hongrie	2011°	Part_des_employé·es_à_temp_plein	-4_p%	0.04322000000000003
Indonésie	2011°	Part_des_employé·es_à_temp_plein	-15_p%	0.15260000000000004
Irlande	2011°	Part_des_employé·es_à_temp_plein	-22_p%	0.22474000000000005
Islande	2011°	Part_des_employé·es_à_temp_plein	-23_p%	0.22536999999999993
Israël	2011°	Part_des_employé·es_à_temp_plein	-21_p%	0.20784000000000005
Italie	2011°	Part_des_employé·es_à_temp_plein	-23_p%	0.23296000000000006
Japon	2011°	Part_des_employé·es_à_temp_plein	-25_p%	0.24504999999999996
Lettonie	2011°	Part_des_employé·es_à_temp_plein	-3_p%	0.03494
Lituanie	2011°	Part_des_employé·es_à_temp_plein	-3_p%	0.03430000000000007
Luxembourg	2011°	Part_des_employé·es_à_temp_plein	-31_p%	0.31111999999999995
Macédoine_du_Nord	2011°	Part_des_employé·es_à_temp_plein	-1_p%	0.013089999999999975
Malte	2011°	Part_des_employé·es_à_temp_plein	-19_p%	0.19293999999999997
Mexique	2011°	Part_des_employé·es_à_temp_plein	-18_p%	0.17811000000000007
Norvège	2011°	Part_des_employé·es_à_temp_plein	-27_p%	0.2745700000000001
Nouvelle-Zélande	2011°	Part_des_employé·es_à_temp_plein	-23_p%	0.23366
OCDE_-_Total	2011°	Part_des_employé·es_à_temp_plein	-20_p%	0.20192999999999997
Pays-Bas	2011°	Part_des_employé·es_à_temp_plein	-51_p%	0.51215
Pologne	2011°	Part_des_employé·es_à_temp_plein	-6_p%	0.05652000000000001
Portugal	2011°	Part_des_employé·es_à_temp_plein	-6_p%	0.06266000000000005
Pérou	2011°	Part_des_employé·es_à_temp_plein	-17_p%	0.1705399999999999
Roumanie	2011°	Part_des_employé·es_à_temp_plein	-2_p%	0.02013000000000005
Royaume-Uni	2011°	Part_des_employé·es_à_temp_plein	-30_p%	0.30453
Russie	2011°	Part_des_employé·es_à_temp_plein	-5_p%	0.04626999999999995
Seychelles	2011°	Part_des_employé·es_à_temp_plein	-7_p%	0.06846000000000003
Slovaquie	2011°	Part_des_employé·es_à_temp_plein	-3_p%	0.03072000000000003
Slovénie	2011°	Part_des_employé·es_à_temp_plein	-5_p%	0.054299999999999925
Suisse	2011°	Part_des_employé·es_à_temp_plein	-44_p%	0.4403000000000001
Suède	2011°	Part_des_employé·es_à_temp_plein	-21_p%	0.21217
Turquie	2011°	Part_des_employé·es_à_temp_plein	-18_p%	0.17703000000000002
États-Unis	2011°	Part_des_employé·es_à_temp_plein	-13_p%	0.13058000000000006
Afrique_du_Sud	2012°	Part_des_employé·es_à_temp_plein	-9_p%	0.08688000000000003
Allemagne	2012°	Part_des_employé·es_à_temp_plein	-36_p%	0.35578
Australie	2012°	Part_des_employé·es_à_temp_plein	-29_p%	0.29388
Autriche	2012°	Part_des_employé·es_à_temp_plein	-36_p%	0.35895999999999995
Belgique	2012°	Part_des_employé·es_à_temp_plein	-34_p%	0.34074999999999994
Bulgarie	2012°	Part_des_employé·es_à_temp_plein	-1_p%	0.007990000000000066
Canada	2012°	Part_des_employé·es_à_temp_plein	-15_p%	0.14742999999999995
Chili	2012°	Part_des_employé·es_à_temp_plein	-15_p%	0.15151000000000012
Chypre	2012°	Part_des_employé·es_à_temp_plein	-6_p%	0.05659999999999996
Colombie	2012°	Part_des_employé·es_à_temp_plein	-18_p%	0.18090000000000003
Costa_Rica	2012°	Part_des_employé·es_à_temp_plein	-20_p%	0.19656000000000007
Croatie	2012°	Part_des_employé·es_à_temp_plein	-3_p%	0.026889999999999928
Danemark	2012°	Part_des_employé·es_à_temp_plein	-21_p%	0.2147
Espagne	2012°	Part_des_employé·es_à_temp_plein	-17_p%	0.1735499999999999
Estonie	2012°	Part_des_employé·es_à_temp_plein	-9_p%	0.09377000000000009
Finlande	2012°	Part_des_employé·es_à_temp_plein	-10_p%	0.09791000000000011
France	2012°	Part_des_employé·es_à_temp_plein	-23_p%	0.2336
Grèce	2012°	Part_des_employé·es_à_temp_plein	-7_p%	0.06923000000000001
Hongrie	2012°	Part_des_employé·es_à_temp_plein	-5_p%	0.050760000000000076
Indonésie	2012°	Part_des_employé·es_à_temp_plein	-14_p%	0.1403
Irlande	2012°	Part_des_employé·es_à_temp_plein	-22_p%	0.21762
Islande	2012°	Part_des_employé·es_à_temp_plein	-21_p%	0.20826999999999998
Israël	2012°	Part_des_employé·es_à_temp_plein	-20_p%	0.19803999999999988
Italie	2012°	Part_des_employé·es_à_temp_plein	-24_p%	0.23810000000000003
Japon	2012°	Part_des_employé·es_à_temp_plein	-24_p%	0.24205
Lettonie	2012°	Part_des_employé·es_à_temp_plein	-4_p%	0.04367000000000004
Lituanie	2012°	Part_des_employé·es_à_temp_plein	-4_p%	0.0385799999999999
Luxembourg	2012°	Part_des_employé·es_à_temp_plein	-31_p%	0.30546000000000006
Macédoine_du_Nord	2012°	Part_des_employé·es_à_temp_plein	-1_p%	0.01350999999999999
Malte	2012°	Part_des_employé·es_à_temp_plein	-19_p%	0.19200999999999993
Mexique	2012°	Part_des_employé·es_à_temp_plein	-18_p%	0.17884
Norvège	2012°	Part_des_employé·es_à_temp_plein	-26_p%	0.25937
Nouvelle-Zélande	2012°	Part_des_employé·es_à_temp_plein	-24_p%	0.24007999999999996
OCDE_-_Total	2012°	Part_des_employé·es_à_temp_plein	-20_p%	0.20113
Pays-Bas	2012°	Part_des_employé·es_à_temp_plein	-51_p%	0.5059599999999999
Pologne	2012°	Part_des_employé·es_à_temp_plein	-6_p%	0.0601700000000001
Portugal	2012°	Part_des_employé·es_à_temp_plein	-6_p%	0.05640999999999991
Pérou	2012°	Part_des_employé·es_à_temp_plein	-15_p%	0.15433000000000008
Roumanie	2012°	Part_des_employé·es_à_temp_plein	-2_p%	0.01853999999999999
Royaume-Uni	2012°	Part_des_employé·es_à_temp_plein	-30_p%	0.29995999999999995
Russie	2012°	Part_des_employé·es_à_temp_plein	-5_p%	0.045789999999999935
Seychelles	2012°	Part_des_employé·es_à_temp_plein	-7_p%	0.06613
Slovaquie	2012°	Part_des_employé·es_à_temp_plein	-3_p%	0.027890000000000015
Slovénie	2012°	Part_des_employé·es_à_temp_plein	-6_p%	0.06070999999999998
Suisse	2012°	Part_des_employé·es_à_temp_plein	-45_p%	0.44641
Suède	2012°	Part_des_employé·es_à_temp_plein	-20_p%	0.20022999999999996
Turquie	2012°	Part_des_employé·es_à_temp_plein	-17_p%	0.17459000000000002
États-Unis	2012°	Part_des_employé·es_à_temp_plein	-13_p%	0.12938999999999992
Afrique_du_Sud	2013°	Part_des_employé·es_à_temp_plein	-9_p%	0.08813999999999993
Allemagne	2013°	Part_des_employé·es_à_temp_plein	-37_p%	0.36717
Australie	2013°	Part_des_employé·es_à_temp_plein	-29_p%	0.29087
Autriche	2013°	Part_des_employé·es_à_temp_plein	-35_p%	0.35321
Belgique	2013°	Part_des_employé·es_à_temp_plein	-33_p%	0.3342399999999999
Bulgarie	2013°	Part_des_employé·es_à_temp_plein	-1_p%	0.011640000000000015
Canada	2013°	Part_des_employé·es_à_temp_plein	-14_p%	0.14407000000000011
Chili	2013°	Part_des_employé·es_à_temp_plein	-15_p%	0.14808999999999997
Chypre	2013°	Part_des_employé·es_à_temp_plein	-7_p%	0.06533999999999991
Colombie	2013°	Part_des_employé·es_à_temp_plein	-18_p%	0.18083
Costa_Rica	2013°	Part_des_employé·es_à_temp_plein	-20_p%	0.19793999999999998
Croatie	2013°	Part_des_employé·es_à_temp_plein	-2_p%	0.01974000000000004
Danemark	2013°	Part_des_employé·es_à_temp_plein	-21_p%	0.21441999999999994
Espagne	2013°	Part_des_employé·es_à_temp_plein	-17_p%	0.17441999999999994
Estonie	2013°	Part_des_employé·es_à_temp_plein	-8_p%	0.08043999999999997
Finlande	2013°	Part_des_employé·es_à_temp_plein	-10_p%	0.10046999999999998
France	2013°	Part_des_employé·es_à_temp_plein	-23_p%	0.23462000000000002
Grèce	2013°	Part_des_employé·es_à_temp_plein	-7_p%	0.07087000000000003
Hongrie	2013°	Part_des_employé·es_à_temp_plein	-5_p%	0.04824999999999988
Indonésie	2013°	Part_des_employé·es_à_temp_plein	-11_p%	0.10951999999999998
Irlande	2013°	Part_des_employé·es_à_temp_plein	-21_p%	0.21148999999999987
Islande	2013°	Part_des_employé·es_à_temp_plein	-22_p%	0.21908000000000002
Israël	2013°	Part_des_employé·es_à_temp_plein	-20_p%	0.19869
Italie	2013°	Part_des_employé·es_à_temp_plein	-24_p%	0.23662999999999998
Japon	2013°	Part_des_employé·es_à_temp_plein	-25_p%	0.24846000000000004
Lettonie	2013°	Part_des_employé·es_à_temp_plein	-4_p%	0.04028000000000006
Lituanie	2013°	Part_des_employé·es_à_temp_plein	-4_p%	0.03760000000000005
Luxembourg	2013°	Part_des_employé·es_à_temp_plein	-30_p%	0.30128
Macédoine_du_Nord	2013°	Part_des_employé·es_à_temp_plein	-1_p%	0.005629999999999882
Malte	2013°	Part_des_employé·es_à_temp_plein	-18_p%	0.18247
Mexique	2013°	Part_des_employé·es_à_temp_plein	-17_p%	0.17265999999999992
Norvège	2013°	Part_des_employé·es_à_temp_plein	-26_p%	0.25684999999999997
Nouvelle-Zélande	2013°	Part_des_employé·es_à_temp_plein	-23_p%	0.22742999999999994
OCDE_-_Total	2013°	Part_des_employé·es_à_temp_plein	-20_p%	0.20101
Pays-Bas	2013°	Part_des_employé·es_à_temp_plein	-47_p%	0.47432
Pologne	2013°	Part_des_employé·es_à_temp_plein	-6_p%	0.05913999999999987
Portugal	2013°	Part_des_employé·es_à_temp_plein	-6_p%	0.057099999999999936
Pérou	2013°	Part_des_employé·es_à_temp_plein	-16_p%	0.1611200000000001
Roumanie	2013°	Part_des_employé·es_à_temp_plein	-2_p%	0.016210000000000092
Royaume-Uni	2013°	Part_des_employé·es_à_temp_plein	-29_p%	0.29411999999999994
Russie	2013°	Part_des_employé·es_à_temp_plein	-5_p%	0.05108999999999995
Seychelles	2013°	Part_des_employé·es_à_temp_plein	-8_p%	0.07730000000000004
Slovaquie	2013°	Part_des_employé·es_à_temp_plein	-3_p%	0.029750000000000085
Slovénie	2013°	Part_des_employé·es_à_temp_plein	-6_p%	0.06147999999999996
Suisse	2013°	Part_des_employé·es_à_temp_plein	-44_p%	0.44309000000000004
Suède	2013°	Part_des_employé·es_à_temp_plein	-19_p%	0.19080000000000014
Turquie	2013°	Part_des_employé·es_à_temp_plein	-18_p%	0.17557999999999993
États-Unis	2013°	Part_des_employé·es_à_temp_plein	-13_p%	0.1291900000000001
Afrique_du_Sud	2014°	Part_des_employé·es_à_temp_plein	-8_p%	0.08402999999999991
Allemagne	2014°	Part_des_employé·es_à_temp_plein	-36_p%	0.36212999999999995
Australie	2014°	Part_des_employé·es_à_temp_plein	-29_p%	0.28995999999999994
Autriche	2014°	Part_des_employé·es_à_temp_plein	-36_p%	0.35952999999999996
Belgique	2014°	Part_des_employé·es_à_temp_plein	-32_p%	0.3226799999999999
Bulgarie	2014°	Part_des_employé·es_à_temp_plein	-1_p%	0.008960000000000008
Canada	2014°	Part_des_employé·es_à_temp_plein	-14_p%	0.1447999999999999
Chili	2014°	Part_des_employé·es_à_temp_plein	-15_p%	0.1506
Chypre	2014°	Part_des_employé·es_à_temp_plein	-6_p%	0.060260000000000105
Colombie	2014°	Part_des_employé·es_à_temp_plein	-17_p%	0.17242999999999994
Costa_Rica	2014°	Part_des_employé·es_à_temp_plein	-19_p%	0.1948599999999999
Croatie	2014°	Part_des_employé·es_à_temp_plein	-3_p%	0.030630000000000025
Danemark	2014°	Part_des_employé·es_à_temp_plein	-20_p%	0.20188000000000003
Espagne	2014°	Part_des_employé·es_à_temp_plein	-18_p%	0.17778999999999998
Estonie	2014°	Part_des_employé·es_à_temp_plein	-6_p%	0.06254000000000005
Finlande	2014°	Part_des_employé·es_à_temp_plein	-9_p%	0.09253
France	2014°	Part_des_employé·es_à_temp_plein	-23_p%	0.23015
Grèce	2014°	Part_des_employé·es_à_temp_plein	-6_p%	0.06426999999999992
Hongrie	2014°	Part_des_employé·es_à_temp_plein	-4_p%	0.04172000000000011
Indonésie	2014°	Part_des_employé·es_à_temp_plein	-15_p%	0.14820000000000008
Irlande	2014°	Part_des_employé·es_à_temp_plein	-21_p%	0.20839000000000013
Islande	2014°	Part_des_employé·es_à_temp_plein	-20_p%	0.20209999999999995
Israël	2014°	Part_des_employé·es_à_temp_plein	-19_p%	0.19384
Italie	2014°	Part_des_employé·es_à_temp_plein	-24_p%	0.23862000000000008
Japon	2014°	Part_des_employé·es_à_temp_plein	-25_p%	0.25232
Lettonie	2014°	Part_des_employé·es_à_temp_plein	-4_p%	0.04453000000000003
Lituanie	2014°	Part_des_employé·es_à_temp_plein	-4_p%	0.04112999999999999
Luxembourg	2014°	Part_des_employé·es_à_temp_plein	-30_p%	0.30083
Macédoine_du_Nord	2014°	Part_des_employé·es_à_temp_plein	+1_p%	0.014919999999999902
Malte	2014°	Part_des_employé·es_à_temp_plein	-20_p%	0.2002000000000001
Mexique	2014°	Part_des_employé·es_à_temp_plein	-17_p%	0.17438000000000003
Norvège	2014°	Part_des_employé·es_à_temp_plein	-25_p%	0.25049
Nouvelle-Zélande	2014°	Part_des_employé·es_à_temp_plein	-21_p%	0.21453000000000003
OCDE_-_Total	2014°	Part_des_employé·es_à_temp_plein	-20_p%	0.19965000000000002
Pays-Bas	2014°	Part_des_employé·es_à_temp_plein	-47_p%	0.4682299999999999
Pologne	2014°	Part_des_employé·es_à_temp_plein	-6_p%	0.059479999999999936
Portugal	2014°	Part_des_employé·es_à_temp_plein	-5_p%	0.05409000000000006
Pérou	2014°	Part_des_employé·es_à_temp_plein	-16_p%	0.15688000000000002
Roumanie	2014°	Part_des_employé·es_à_temp_plein	-2_p%	0.020019999999999954
Royaume-Uni	2014°	Part_des_employé·es_à_temp_plein	-29_p%	0.2947000000000001
Russie	2014°	Part_des_employé·es_à_temp_plein	-5_p%	0.05126000000000005
Seychelles	2014°	Part_des_employé·es_à_temp_plein	-7_p%	0.07167000000000001
Slovaquie	2014°	Part_des_employé·es_à_temp_plein	-3_p%	0.03045000000000002
Slovénie	2014°	Part_des_employé·es_à_temp_plein	-7_p%	0.06794000000000011
Suisse	2014°	Part_des_employé·es_à_temp_plein	-43_p%	0.43384000000000006
Suède	2014°	Part_des_employé·es_à_temp_plein	-18_p%	0.18475999999999998
Turquie	2014°	Part_des_employé·es_à_temp_plein	-14_p%	0.14224000000000003
États-Unis	2014°	Part_des_employé·es_à_temp_plein	-13_p%	0.13138000000000005
Afrique_du_Sud	2015°	Part_des_employé·es_à_temp_plein	-9_p%	0.08882999999999995
Allemagne	2015°	Part_des_employé·es_à_temp_plein	-36_p%	0.36391000000000007
Australie	2015°	Part_des_employé·es_à_temp_plein	-29_p%	0.28697999999999996
Autriche	2015°	Part_des_employé·es_à_temp_plein	-36_p%	0.3622599999999999
Belgique	2015°	Part_des_employé·es_à_temp_plein	-32_p%	0.31618999999999997
Bulgarie	2015°	Part_des_employé·es_à_temp_plein	-1_p%	0.008979999999999962
Canada	2015°	Part_des_employé·es_à_temp_plein	-14_p%	0.13906000000000007
Chili	2015°	Part_des_employé·es_à_temp_plein	-15_p%	0.14807000000000003
Chypre	2015°	Part_des_employé·es_à_temp_plein	-5_p%	0.052519999999999956
Colombie	2015°	Part_des_employé·es_à_temp_plein	-18_p%	0.17698999999999998
Costa_Rica	2015°	Part_des_employé·es_à_temp_plein	-19_p%	0.19154999999999994
Croatie	2015°	Part_des_employé·es_à_temp_plein	-3_p%	0.026980000000000073
Danemark	2015°	Part_des_employé·es_à_temp_plein	-19_p%	0.19307999999999992
Espagne	2015°	Part_des_employé·es_à_temp_plein	-17_p%	0.17241
Estonie	2015°	Part_des_employé·es_à_temp_plein	-9_p%	0.08923000000000002
Finlande	2015°	Part_des_employé·es_à_temp_plein	-8_p%	0.08298999999999992
France	2015°	Part_des_employé·es_à_temp_plein	-22_p%	0.22432999999999992
Grèce	2015°	Part_des_employé·es_à_temp_plein	-6_p%	0.06352000000000003
Hongrie	2015°	Part_des_employé·es_à_temp_plein	-4_p%	0.03697999999999993
Indonésie	2015°	Part_des_employé·es_à_temp_plein	-15_p%	0.15321000000000004
Irlande	2015°	Part_des_employé·es_à_temp_plein	-21_p%	0.21314999999999998
Islande	2015°	Part_des_employé·es_à_temp_plein	-20_p%	0.20268
Israël	2015°	Part_des_employé·es_à_temp_plein	-19_p%	0.18966000000000008
Italie	2015°	Part_des_employé·es_à_temp_plein	-24_p%	0.23956999999999995
Japon	2015°	Part_des_employé·es_à_temp_plein	-25_p%	0.24864000000000006
Lettonie	2015°	Part_des_employé·es_à_temp_plein	-6_p%	0.058419999999999986
Lituanie	2015°	Part_des_employé·es_à_temp_plein	-4_p%	0.04468000000000003
Luxembourg	2015°	Part_des_employé·es_à_temp_plein	-28_p%	0.28072
Macédoine_du_Nord	2015°	Part_des_employé·es_à_temp_plein	-0_p%	0.003639999999999901
Malte	2015°	Part_des_employé·es_à_temp_plein	-19_p%	0.18966999999999998
Mexique	2015°	Part_des_employé·es_à_temp_plein	-17_p%	0.17346000000000003
Norvège	2015°	Part_des_employé·es_à_temp_plein	-24_p%	0.23604000000000006
Nouvelle-Zélande	2015°	Part_des_employé·es_à_temp_plein	-22_p%	0.21963999999999997
OCDE_-_Total	2015°	Part_des_employé·es_à_temp_plein	-20_p%	0.19687
Pays-Bas	2015°	Part_des_employé·es_à_temp_plein	-47_p%	0.47114000000000006
Pologne	2015°	Part_des_employé·es_à_temp_plein	-6_p%	0.05677000000000007
Portugal	2015°	Part_des_employé·es_à_temp_plein	-6_p%	0.05557999999999993
Pérou	2015°	Part_des_employé·es_à_temp_plein	-15_p%	0.1476100000000001
Roumanie	2015°	Part_des_employé·es_à_temp_plein	-1_p%	0.011940000000000027
Royaume-Uni	2015°	Part_des_employé·es_à_temp_plein	-29_p%	0.29113000000000006
Russie	2015°	Part_des_employé·es_à_temp_plein	-5_p%	0.05222999999999999
Seychelles	2015°	Part_des_employé·es_à_temp_plein	-7_p%	0.07239999999999995
Slovaquie	2015°	Part_des_employé·es_à_temp_plein	-4_p%	0.04030000000000001
Slovénie	2015°	Part_des_employé·es_à_temp_plein	-7_p%	0.06614999999999994
Suisse	2015°	Part_des_employé·es_à_temp_plein	-42_p%	0.42486
Suède	2015°	Part_des_employé·es_à_temp_plein	-18_p%	0.17733000000000004
Turquie	2015°	Part_des_employé·es_à_temp_plein	-13_p%	0.13058999999999998
États-Unis	2015°	Part_des_employé·es_à_temp_plein	-13_p%	0.1283699999999999
Afrique_du_Sud	2016°	Part_des_employé·es_à_temp_plein	-9_p%	0.09012
Allemagne	2016°	Part_des_employé·es_à_temp_plein	-36_p%	0.3609800000000001
Argentine	2016°	Part_des_employé·es_à_temp_plein	-24_p%	0.23694999999999994
Australie	2016°	Part_des_employé·es_à_temp_plein	-28_p%	0.27934
Autriche	2016°	Part_des_employé·es_à_temp_plein	-36_p%	0.3587100000000001
Belgique	2016°	Part_des_employé·es_à_temp_plein	-32_p%	0.32159000000000004
Bulgarie	2016°	Part_des_employé·es_à_temp_plein	-1_p%	0.00809999999999988
Canada	2016°	Part_des_employé·es_à_temp_plein	-14_p%	0.1356599999999999
Chili	2016°	Part_des_employé·es_à_temp_plein	-15_p%	0.14765
Chypre	2016°	Part_des_employé·es_à_temp_plein	-4_p%	0.04309999999999988
Colombie	2016°	Part_des_employé·es_à_temp_plein	-17_p%	0.17370000000000005
Costa_Rica	2016°	Part_des_employé·es_à_temp_plein	-17_p%	0.17406999999999997
Croatie	2016°	Part_des_employé·es_à_temp_plein	-3_p%	0.026039999999999994
Danemark	2016°	Part_des_employé·es_à_temp_plein	-21_p%	0.20836000000000005
Espagne	2016°	Part_des_employé·es_à_temp_plein	-16_p%	0.1638300000000001
Estonie	2016°	Part_des_employé·es_à_temp_plein	-7_p%	0.07435000000000003
Finlande	2016°	Part_des_employé·es_à_temp_plein	-10_p%	0.09625
France	2016°	Part_des_employé·es_à_temp_plein	-22_p%	0.22012
Grèce	2016°	Part_des_employé·es_à_temp_plein	-7_p%	0.06801000000000001
Hongrie	2016°	Part_des_employé·es_à_temp_plein	-4_p%	0.03757000000000005
Indonésie	2016°	Part_des_employé·es_à_temp_plein	-15_p%	0.15107000000000007
Irlande	2016°	Part_des_employé·es_à_temp_plein	-21_p%	0.20512
Islande	2016°	Part_des_employé·es_à_temp_plein	-21_p%	0.20995999999999995
Israël	2016°	Part_des_employé·es_à_temp_plein	-19_p%	0.18844999999999998
Italie	2016°	Part_des_employé·es_à_temp_plein	-24_p%	0.24060999999999994
Japon	2016°	Part_des_employé·es_à_temp_plein	-25_p%	0.25228
Lettonie	2016°	Part_des_employé·es_à_temp_plein	-5_p%	0.05069999999999993
Lituanie	2016°	Part_des_employé·es_à_temp_plein	-4_p%	0.03986999999999995
Luxembourg	2016°	Part_des_employé·es_à_temp_plein	-28_p%	0.28224999999999995
Macédoine_du_Nord	2016°	Part_des_employé·es_à_temp_plein	-1_p%	0.010720000000000028
Malte	2016°	Part_des_employé·es_à_temp_plein	-19_p%	0.19018000000000002
Mexique	2016°	Part_des_employé·es_à_temp_plein	-17_p%	0.17355999999999994
Norvège	2016°	Part_des_employé·es_à_temp_plein	-23_p%	0.23213
Nouvelle-Zélande	2016°	Part_des_employé·es_à_temp_plein	-21_p%	0.20798000000000003
OCDE_-_Total	2016°	Part_des_employé·es_à_temp_plein	-20_p%	0.19507999999999995
Pays-Bas	2016°	Part_des_employé·es_à_temp_plein	-47_p%	0.46838
Pologne	2016°	Part_des_employé·es_à_temp_plein	-6_p%	0.059759999999999994
Portugal	2016°	Part_des_employé·es_à_temp_plein	-5_p%	0.05314000000000007
Pérou	2016°	Part_des_employé·es_à_temp_plein	-16_p%	0.15811999999999998
Roumanie	2016°	Part_des_employé·es_à_temp_plein	-1_p%	0.011020000000000038
Royaume-Uni	2016°	Part_des_employé·es_à_temp_plein	-29_p%	0.28908
Russie	2016°	Part_des_employé·es_à_temp_plein	-5_p%	0.05012999999999991
Seychelles	2016°	Part_des_employé·es_à_temp_plein	-8_p%	0.0788600000000001
Slovaquie	2016°	Part_des_employé·es_à_temp_plein	-4_p%	0.03938999999999993
Slovénie	2016°	Part_des_employé·es_à_temp_plein	-7_p%	0.07102999999999994
Suisse	2016°	Part_des_employé·es_à_temp_plein	-42_p%	0.41639
Suède	2016°	Part_des_employé·es_à_temp_plein	-17_p%	0.17409999999999998
Turquie	2016°	Part_des_employé·es_à_temp_plein	-12_p%	0.11945000000000007
États-Unis	2016°	Part_des_employé·es_à_temp_plein	-13_p%	0.12525000000000006
Afrique_du_Sud	2017°	Part_des_employé·es_à_temp_plein	-8_p%	0.08390999999999992
Allemagne	2017°	Part_des_employé·es_à_temp_plein	-36_p%	0.35705999999999993
Argentine	2017°	Part_des_employé·es_à_temp_plein	-21_p%	0.21226
Australie	2017°	Part_des_employé·es_à_temp_plein	-28_p%	0.28245999999999993
Autriche	2017°	Part_des_employé·es_à_temp_plein	-36_p%	0.35859
Belgique	2017°	Part_des_employé·es_à_temp_plein	-31_p%	0.30735
Bulgarie	2017°	Part_des_employé·es_à_temp_plein	-1_p%	0.007049999999999983
Canada	2017°	Part_des_employé·es_à_temp_plein	-13_p%	0.1325999999999999
Chili	2017°	Part_des_employé·es_à_temp_plein	-14_p%	0.14155
Chypre	2017°	Part_des_employé·es_à_temp_plein	-6_p%	0.06052999999999997
Colombie	2017°	Part_des_employé·es_à_temp_plein	-17_p%	0.17230000000000004
Costa_Rica	2017°	Part_des_employé·es_à_temp_plein	-18_p%	0.17548000000000002
Croatie	2017°	Part_des_employé·es_à_temp_plein	-2_p%	0.02108000000000004
Danemark	2017°	Part_des_employé·es_à_temp_plein	-20_p%	0.20339
Espagne	2017°	Part_des_employé·es_à_temp_plein	-17_p%	0.16826000000000008
Estonie	2017°	Part_des_employé·es_à_temp_plein	-8_p%	0.08224000000000004
Finlande	2017°	Part_des_employé·es_à_temp_plein	-10_p%	0.09731000000000009
France	2017°	Part_des_employé·es_à_temp_plein	-22_p%	0.21843000000000004
Grèce	2017°	Part_des_employé·es_à_temp_plein	-7_p%	0.07370999999999996
Hongrie	2017°	Part_des_employé·es_à_temp_plein	-4_p%	0.03740000000000009
Indonésie	2017°	Part_des_employé·es_à_temp_plein	-15_p%	0.14885999999999996
Irlande	2017°	Part_des_employé·es_à_temp_plein	-21_p%	0.20938
Islande	2017°	Part_des_employé·es_à_temp_plein	-21_p%	0.21435
Israël	2017°	Part_des_employé·es_à_temp_plein	-19_p%	0.18894999999999995
Italie	2017°	Part_des_employé·es_à_temp_plein	-24_p%	0.23810000000000003
Japon	2017°	Part_des_employé·es_à_temp_plein	-25_p%	0.25120000000000003
Lettonie	2017°	Part_des_employé·es_à_temp_plein	-6_p%	0.06279999999999987
Lituanie	2017°	Part_des_employé·es_à_temp_plein	-4_p%	0.040429999999999924
Luxembourg	2017°	Part_des_employé·es_à_temp_plein	-29_p%	0.29304
Macédoine_du_Nord	2017°	Part_des_employé·es_à_temp_plein	-0_p%	0.003500000000000085
Malte	2017°	Part_des_employé·es_à_temp_plein	-18_p%	0.17510999999999996
Mexique	2017°	Part_des_employé·es_à_temp_plein	-17_p%	0.17272000000000007
Norvège	2017°	Part_des_employé·es_à_temp_plein	-22_p%	0.22372999999999998
Nouvelle-Zélande	2017°	Part_des_employé·es_à_temp_plein	-20_p%	0.20358999999999994
OCDE_-_Total	2017°	Part_des_employé·es_à_temp_plein	-19_p%	0.19334999999999994
Pays-Bas	2017°	Part_des_employé·es_à_temp_plein	-45_p%	0.45397999999999994
Pologne	2017°	Part_des_employé·es_à_temp_plein	-6_p%	0.06307000000000001
Portugal	2017°	Part_des_employé·es_à_temp_plein	-6_p%	0.056299999999999954
Pérou	2017°	Part_des_employé·es_à_temp_plein	-15_p%	0.15105999999999994
Roumanie	2017°	Part_des_employé·es_à_temp_plein	-1_p%	0.007379999999999995
Royaume-Uni	2017°	Part_des_employé·es_à_temp_plein	-29_p%	0.28624000000000005
Russie	2017°	Part_des_employé·es_à_temp_plein	-5_p%	0.04748000000000005
Seychelles	2017°	Part_des_employé·es_à_temp_plein	-9_p%	0.08649000000000001
Slovaquie	2017°	Part_des_employé·es_à_temp_plein	-4_p%	0.04198999999999998
Slovénie	2017°	Part_des_employé·es_à_temp_plein	-7_p%	0.07474999999999994
Suisse	2017°	Part_des_employé·es_à_temp_plein	-41_p%	0.41118999999999994
Suède	2017°	Part_des_employé·es_à_temp_plein	-16_p%	0.1620599999999999
Turquie	2017°	Part_des_employé·es_à_temp_plein	-12_p%	0.11971000000000004
États-Unis	2017°	Part_des_employé·es_à_temp_plein	-12_p%	0.12334999999999993
Afrique_du_Sud	2018°	Part_des_employé·es_à_temp_plein	-9_p%	0.08552999999999997
Allemagne	2018°	Part_des_employé·es_à_temp_plein	-36_p%	0.35662999999999995
Argentine	2018°	Part_des_employé·es_à_temp_plein	-24_p%	0.24290999999999996
Australie	2018°	Part_des_employé·es_à_temp_plein	-28_p%	0.2771
Autriche	2018°	Part_des_employé·es_à_temp_plein	-36_p%	0.3629299999999999
Belgique	2018°	Part_des_employé·es_à_temp_plein	-31_p%	0.31043
Bulgarie	2018°	Part_des_employé·es_à_temp_plein	-1_p%	0.007150000000000034
Canada	2018°	Part_des_employé·es_à_temp_plein	-13_p%	0.13388999999999995
Chili	2018°	Part_des_employé·es_à_temp_plein	-13_p%	0.13203000000000004
Chypre	2018°	Part_des_employé·es_à_temp_plein	-6_p%	0.06138999999999996
Colombie	2018°	Part_des_employé·es_à_temp_plein	-17_p%	0.16842000000000013
Costa_Rica	2018°	Part_des_employé·es_à_temp_plein	-21_p%	0.20909
Croatie	2018°	Part_des_employé·es_à_temp_plein	-3_p%	0.028840000000000005
Danemark	2018°	Part_des_employé·es_à_temp_plein	-20_p%	0.20325000000000004
Espagne	2018°	Part_des_employé·es_à_temp_plein	-17_p%	0.17137
Estonie	2018°	Part_des_employé·es_à_temp_plein	-9_p%	0.09018000000000001
Finlande	2018°	Part_des_employé·es_à_temp_plein	-10_p%	0.09884
France	2018°	Part_des_employé·es_à_temp_plein	-21_p%	0.2092500000000001
Grèce	2018°	Part_des_employé·es_à_temp_plein	-7_p%	0.06914000000000002
Hongrie	2018°	Part_des_employé·es_à_temp_plein	-4_p%	0.03769000000000006
Irlande	2018°	Part_des_employé·es_à_temp_plein	-21_p%	0.21402999999999991
Islande	2018°	Part_des_employé·es_à_temp_plein	-22_p%	0.21536999999999992
Israël	2018°	Part_des_employé·es_à_temp_plein	-18_p%	0.18489999999999995
Italie	2018°	Part_des_employé·es_à_temp_plein	-24_p%	0.23891999999999997
Japon	2018°	Part_des_employé·es_à_temp_plein	-26_p%	0.2557600000000001
Lettonie	2018°	Part_des_employé·es_à_temp_plein	-6_p%	0.05587000000000003
Lituanie	2018°	Part_des_employé·es_à_temp_plein	-4_p%	0.04009999999999991
Luxembourg	2018°	Part_des_employé·es_à_temp_plein	-26_p%	0.25867000000000007
Macédoine_du_Nord	2018°	Part_des_employé·es_à_temp_plein	-0_p%	0.00023000000000010347
Malte	2018°	Part_des_employé·es_à_temp_plein	-15_p%	0.15100999999999998
Mexique	2018°	Part_des_employé·es_à_temp_plein	-17_p%	0.1716499999999999
Norvège	2018°	Part_des_employé·es_à_temp_plein	-22_p%	0.22438000000000002
Nouvelle-Zélande	2018°	Part_des_employé·es_à_temp_plein	-20_p%	0.1985300000000001
OCDE_-_Total	2018°	Part_des_employé·es_à_temp_plein	-19_p%	0.19129999999999994
Pays-Bas	2018°	Part_des_employé·es_à_temp_plein	-45_p%	0.44785
Pologne	2018°	Part_des_employé·es_à_temp_plein	-6_p%	0.058389999999999984
Portugal	2018°	Part_des_employé·es_à_temp_plein	-5_p%	0.046970000000000026
Pérou	2018°	Part_des_employé·es_à_temp_plein	-15_p%	0.1482600000000001
Roumanie	2018°	Part_des_employé·es_à_temp_plein	-1_p%	0.011470000000000057
Royaume-Uni	2018°	Part_des_employé·es_à_temp_plein	-28_p%	0.28244
Russie	2018°	Part_des_employé·es_à_temp_plein	-5_p%	0.050279999999999915
Seychelles	2018°	Part_des_employé·es_à_temp_plein	-9_p%	0.08522999999999996
Slovaquie	2018°	Part_des_employé·es_à_temp_plein	-4_p%	0.039369999999999974
Slovénie	2018°	Part_des_employé·es_à_temp_plein	-8_p%	0.08195000000000008
Suisse	2018°	Part_des_employé·es_à_temp_plein	-41_p%	0.41437000000000007
Suède	2018°	Part_des_employé·es_à_temp_plein	-16_p%	0.15551
Turquie	2018°	Part_des_employé·es_à_temp_plein	-11_p%	0.11210999999999999
États-Unis	2018°	Part_des_employé·es_à_temp_plein	-12_p%	0.12042999999999993
Afrique_du_Sud	2019°	Part_des_employé·es_à_temp_plein	-8_p%	0.08269000000000006
Allemagne	2019°	Part_des_employé·es_à_temp_plein	-36_p%	0.3575299999999999
Argentine	2019°	Part_des_employé·es_à_temp_plein	-24_p%	0.23865000000000008
Australie	2019°	Part_des_employé·es_à_temp_plein	-27_p%	0.26964000000000005
Autriche	2019°	Part_des_employé·es_à_temp_plein	-37_p%	0.3699300000000001
Belgique	2019°	Part_des_employé·es_à_temp_plein	-30_p%	0.30375
Bulgarie	2019°	Part_des_employé·es_à_temp_plein	-1_p%	0.007879999999999967
Canada	2019°	Part_des_employé·es_à_temp_plein	-13_p%	0.12644999999999995
Chili	2019°	Part_des_employé·es_à_temp_plein	-13_p%	0.12681000000000012
Chypre	2019°	Part_des_employé·es_à_temp_plein	-7_p%	0.07102000000000004
Colombie	2019°	Part_des_employé·es_à_temp_plein	-17_p%	0.1714999999999999
Costa_Rica	2019°	Part_des_employé·es_à_temp_plein	-20_p%	0.19888000000000006
Croatie	2019°	Part_des_employé·es_à_temp_plein	-4_p%	0.0351100000000001
Danemark	2019°	Part_des_employé·es_à_temp_plein	-19_p%	0.18894999999999995
Espagne	2019°	Part_des_employé·es_à_temp_plein	-17_p%	0.1681800000000001
Estonie	2019°	Part_des_employé·es_à_temp_plein	-10_p%	0.09695999999999998
Finlande	2019°	Part_des_employé·es_à_temp_plein	-10_p%	0.10483000000000003
France	2019°	Part_des_employé·es_à_temp_plein	-20_p%	0.20282999999999987
Grèce	2019°	Part_des_employé·es_à_temp_plein	-7_p%	0.07485
Hongrie	2019°	Part_des_employé·es_à_temp_plein	-4_p%	0.0425800000000001
Irlande	2019°	Part_des_employé·es_à_temp_plein	-22_p%	0.22143000000000002
Islande	2019°	Part_des_employé·es_à_temp_plein	-21_p%	0.21417000000000003
Israël	2019°	Part_des_employé·es_à_temp_plein	-18_p%	0.17920999999999992
Italie	2019°	Part_des_employé·es_à_temp_plein	-24_p%	0.24122
Japon	2019°	Part_des_employé·es_à_temp_plein	-25_p%	0.24932
Lettonie	2019°	Part_des_employé·es_à_temp_plein	-6_p%	0.05557999999999993
Lituanie	2019°	Part_des_employé·es_à_temp_plein	-4_p%	0.03548000000000002
Luxembourg	2019°	Part_des_employé·es_à_temp_plein	-24_p%	0.24051000000000003
Macédoine_du_Nord	2019°	Part_des_employé·es_à_temp_plein	-0_p%	0.0024699999999999987
Malte	2019°	Part_des_employé·es_à_temp_plein	-14_p%	0.14168000000000006
Mexique	2019°	Part_des_employé·es_à_temp_plein	-18_p%	0.17587999999999993
Norvège	2019°	Part_des_employé·es_à_temp_plein	-22_p%	0.22064
Nouvelle-Zélande	2019°	Part_des_employé·es_à_temp_plein	-19_p%	0.18908000000000003
OCDE_-_Total	2019°	Part_des_employé·es_à_temp_plein	-19_p%	0.18848000000000012
Pays-Bas	2019°	Part_des_employé·es_à_temp_plein	-44_p%	0.44055999999999995
Pologne	2019°	Part_des_employé·es_à_temp_plein	-6_p%	0.05805000000000007
Portugal	2019°	Part_des_employé·es_à_temp_plein	-6_p%	0.05563000000000003
Pérou	2019°	Part_des_employé·es_à_temp_plein	-14_p%	0.13929000000000002
Roumanie	2019°	Part_des_employé·es_à_temp_plein	-1_p%	0.0088900000000001
Royaume-Uni	2019°	Part_des_employé·es_à_temp_plein	-27_p%	0.2746
Russie	2019°	Part_des_employé·es_à_temp_plein	-5_p%	0.05216999999999999
Seychelles	2019°	Part_des_employé·es_à_temp_plein	-8_p%	0.08075999999999993
Slovaquie	2019°	Part_des_employé·es_à_temp_plein	-4_p%	0.03679000000000002
Slovénie	2019°	Part_des_employé·es_à_temp_plein	-8_p%	0.07579000000000008
Suisse	2019°	Part_des_employé·es_à_temp_plein	-42_p%	0.42161000000000004
Suède	2019°	Part_des_employé·es_à_temp_plein	-15_p%	0.14629000000000006
Turquie	2019°	Part_des_employé·es_à_temp_plein	-10_p%	0.09784000000000007
États-Unis	2019°	Part_des_employé·es_à_temp_plein	-12_p%	0.11814000000000008
Afrique_du_Sud	2020°	Part_des_employé·es_à_temp_plein	-8_p%	0.07799999999999997
Allemagne	2020°	Part_des_employé·es_à_temp_plein	-36_p%	0.36032
Argentine	2020°	Part_des_employé·es_à_temp_plein	-22_p%	0.21955999999999995
Australie	2020°	Part_des_employé·es_à_temp_plein	-27_p%	0.26569
Autriche	2020°	Part_des_employé·es_à_temp_plein	-37_p%	0.3658199999999999
Belgique	2020°	Part_des_employé·es_à_temp_plein	-29_p%	0.29207
Bulgarie	2020°	Part_des_employé·es_à_temp_plein	-1_p%	0.009080000000000012
Canada	2020°	Part_des_employé·es_à_temp_plein	-12_p%	0.12191999999999993
Chili	2020°	Part_des_employé·es_à_temp_plein	-12_p%	0.11555999999999997
Chypre	2020°	Part_des_employé·es_à_temp_plein	-6_p%	0.05897000000000006
Colombie	2020°	Part_des_employé·es_à_temp_plein	-15_p%	0.15135999999999997
Costa_Rica	2020°	Part_des_employé·es_à_temp_plein	-16_p%	0.15609
Croatie	2020°	Part_des_employé·es_à_temp_plein	-3_p%	0.027800000000000012
Danemark	2020°	Part_des_employé·es_à_temp_plein	-18_p%	0.18182
Espagne	2020°	Part_des_employé·es_à_temp_plein	-16_p%	0.16045
Estonie	2020°	Part_des_employé·es_à_temp_plein	-10_p%	0.09502000000000009
Finlande	2020°	Part_des_employé·es_à_temp_plein	-9_p%	0.08607
France	2020°	Part_des_employé·es_à_temp_plein	-19_p%	0.19068
Grèce	2020°	Part_des_employé·es_à_temp_plein	-7_p%	0.07200000000000002
Hongrie	2020°	Part_des_employé·es_à_temp_plein	-5_p%	0.047190000000000086
Irlande	2020°	Part_des_employé·es_à_temp_plein	-20_p%	0.20067999999999997
Islande	2020°	Part_des_employé·es_à_temp_plein	-22_p%	0.21793999999999997
Israël	2020°	Part_des_employé·es_à_temp_plein	-17_p%	0.16945000000000007
Italie	2020°	Part_des_employé·es_à_temp_plein	-24_p%	0.23617999999999995
Japon	2020°	Part_des_employé·es_à_temp_plein	-25_p%	0.24592000000000006
Lettonie	2020°	Part_des_employé·es_à_temp_plein	-5_p%	0.05265
Lituanie	2020°	Part_des_employé·es_à_temp_plein	-3_p%	0.03180999999999998
Luxembourg	2020°	Part_des_employé·es_à_temp_plein	-24_p%	0.23701999999999998
Macédoine_du_Nord	2020°	Part_des_employé·es_à_temp_plein	-1_p%	0.008089999999999976
Malte	2020°	Part_des_employé·es_à_temp_plein	-15_p%	0.14823999999999998
Mexique	2020°	Part_des_employé·es_à_temp_plein	-16_p%	0.15930999999999998
Norvège	2020°	Part_des_employé·es_à_temp_plein	-20_p%	0.20293
Nouvelle-Zélande	2020°	Part_des_employé·es_à_temp_plein	-18_p%	0.18153999999999995
OCDE_-_Total	2020°	Part_des_employé·es_à_temp_plein	-18_p%	0.18182
Pays-Bas	2020°	Part_des_employé·es_à_temp_plein	-44_p%	0.43772000000000005
Pologne	2020°	Part_des_employé·es_à_temp_plein	-6_p%	0.056730000000000017
Portugal	2020°	Part_des_employé·es_à_temp_plein	-5_p%	0.04885999999999996
Pérou	2020°	Part_des_employé·es_à_temp_plein	-15_p%	0.15205
Roumanie	2020°	Part_des_employé·es_à_temp_plein	-1_p%	0.0069999999999998865
Royaume-Uni	2020°	Part_des_employé·es_à_temp_plein	-27_p%	0.26629
Russie	2020°	Part_des_employé·es_à_temp_plein	-7_p%	0.06589999999999989
Seychelles	2020°	Part_des_employé·es_à_temp_plein	-8_p%	0.07881
Slovaquie	2020°	Part_des_employé·es_à_temp_plein	-4_p%	0.04266999999999996
Slovénie	2020°	Part_des_employé·es_à_temp_plein	-7_p%	0.0689
Suisse	2020°	Part_des_employé·es_à_temp_plein	-41_p%	0.40813999999999995
Suède	2020°	Part_des_employé·es_à_temp_plein	-13_p%	0.1337599999999999
Turquie	2020°	Part_des_employé·es_à_temp_plein	-10_p%	0.09762
États-Unis	2020°	Part_des_employé·es_à_temp_plein	-11_p%	0.10816000000000002
Afrique_du_Sud	2021°	Part_des_employé·es_à_temp_plein	-8_p%	0.08043000000000006
Allemagne	2021°	Part_des_employé·es_à_temp_plein	-36_p%	0.35590000000000005
Argentine	2021°	Part_des_employé·es_à_temp_plein	-21_p%	0.21058
Australie	2021°	Part_des_employé·es_à_temp_plein	-26_p%	0.25550999999999996
Autriche	2021°	Part_des_employé·es_à_temp_plein	-38_p%	0.38012
Belgique	2021°	Part_des_employé·es_à_temp_plein	-29_p%	0.28785000000000005
Bulgarie	2021°	Part_des_employé·es_à_temp_plein	-1_p%	0.009479999999999933
Canada	2021°	Part_des_employé·es_à_temp_plein	-11_p%	0.11300999999999987
Chili	2021°	Part_des_employé·es_à_temp_plein	-12_p%	0.11530000000000001
Chypre	2021°	Part_des_employé·es_à_temp_plein	-3_p%	0.03108000000000004
Colombie	2021°	Part_des_employé·es_à_temp_plein	-11_p%	0.11047999999999987
Costa_Rica	2021°	Part_des_employé·es_à_temp_plein	-17_p%	0.16878000000000007
Croatie	2021°	Part_des_employé·es_à_temp_plein	-2_p%	0.01626000000000005
Danemark	2021°	Part_des_employé·es_à_temp_plein	-19_p%	0.18641999999999995
Espagne	2021°	Part_des_employé·es_à_temp_plein	-16_p%	0.15927999999999998
Estonie	2021°	Part_des_employé·es_à_temp_plein	-10_p%	0.09716000000000008
Finlande	2021°	Part_des_employé·es_à_temp_plein	-11_p%	0.11111000000000004
France	2021°	Part_des_employé·es_à_temp_plein	-20_p%	0.19608000000000003
Grèce	2021°	Part_des_employé·es_à_temp_plein	-7_p%	0.07289000000000001
Hongrie	2021°	Part_des_employé·es_à_temp_plein	-4_p%	0.04262999999999991
Irlande	2021°	Part_des_employé·es_à_temp_plein	-20_p%	0.19626999999999994
Islande	2021°	Part_des_employé·es_à_temp_plein	-22_p%	0.22491999999999998
Israël	2021°	Part_des_employé·es_à_temp_plein	-17_p%	0.17107
Italie	2021°	Part_des_employé·es_à_temp_plein	-23_p%	0.2252600000000001
Japon	2021°	Part_des_employé·es_à_temp_plein	-24_p%	0.24076999999999998
Lettonie	2021°	Part_des_employé·es_à_temp_plein	-5_p%	0.05206000000000003
Lituanie	2021°	Part_des_employé·es_à_temp_plein	-4_p%	0.03799999999999997
Luxembourg	2021°	Part_des_employé·es_à_temp_plein	-24_p%	0.23619
Macédoine_du_Nord	2021°	Part_des_employé·es_à_temp_plein	-1_p%	0.009769999999999897
Malte	2021°	Part_des_employé·es_à_temp_plein	-12_p%	0.11791000000000011
Mexique	2021°	Part_des_employé·es_à_temp_plein	-16_p%	0.15852000000000005
Norvège	2021°	Part_des_employé·es_à_temp_plein	-19_p%	0.19116
Nouvelle-Zélande	2021°	Part_des_employé·es_à_temp_plein	-18_p%	0.17808999999999997
OCDE_-_Total	2021°	Part_des_employé·es_à_temp_plein	-18_p%	0.1767200000000001
Pays-Bas	2021°	Part_des_employé·es_à_temp_plein	-42_p%	0.41986000000000007
Pologne	2021°	Part_des_employé·es_à_temp_plein	-4_p%	0.04373000000000005
Portugal	2021°	Part_des_employé·es_à_temp_plein	-4_p%	0.03924999999999997
Pérou	2021°	Part_des_employé·es_à_temp_plein	-15_p%	0.14819000000000002
Roumanie	2021°	Part_des_employé·es_à_temp_plein	+1_p%	0.009329999999999927
Royaume-Uni	2021°	Part_des_employé·es_à_temp_plein	-25_p%	0.24979999999999997
Seychelles	2021°	Part_des_employé·es_à_temp_plein	-7_p%	0.07233000000000005
Slovaquie	2021°	Part_des_employé·es_à_temp_plein	-3_p%	0.028930000000000008
Slovénie	2021°	Part_des_employé·es_à_temp_plein	-6_p%	0.06326000000000008
Suisse	2021°	Part_des_employé·es_à_temp_plein	-40_p%	0.40386999999999995
Suède	2021°	Part_des_employé·es_à_temp_plein	-16_p%	0.16161999999999993
Turquie	2021°	Part_des_employé·es_à_temp_plein	-9_p%	0.0913000000000001
États-Unis	2021°	Part_des_employé·es_à_temp_plein	-11_p%	0.10915999999999997
Afrique_du_Sud	2022°	Part_des_employé·es_à_temp_plein	-7_p%	0.06691000000000003
Allemagne	2022°	Part_des_employé·es_à_temp_plein	-35_p%	0.35028000000000004
Argentine	2022°	Part_des_employé·es_à_temp_plein	-22_p%	0.22380000000000003
Australie	2022°	Part_des_employé·es_à_temp_plein	-25_p%	0.24983999999999995
Autriche	2022°	Part_des_employé·es_à_temp_plein	-38_p%	0.38130000000000003
Belgique	2022°	Part_des_employé·es_à_temp_plein	-27_p%	0.2712399999999999
Bulgarie	2022°	Part_des_employé·es_à_temp_plein	-1_p%	0.006189999999999998
Canada	2022°	Part_des_employé·es_à_temp_plein	-12_p%	0.12102999999999994
Chili	2022°	Part_des_employé·es_à_temp_plein	-12_p%	0.12013999999999996
Chypre	2022°	Part_des_employé·es_à_temp_plein	-3_p%	0.03414000000000002
Colombie	2022°	Part_des_employé·es_à_temp_plein	-12_p%	0.11629000000000005
Costa_Rica	2022°	Part_des_employé·es_à_temp_plein	-17_p%	0.16730999999999996
Croatie	2022°	Part_des_employé·es_à_temp_plein	-2_p%	0.020609999999999927
Danemark	2022°	Part_des_employé·es_à_temp_plein	-19_p%	0.19025999999999996
Espagne	2022°	Part_des_employé·es_à_temp_plein	-15_p%	0.15146
Estonie	2022°	Part_des_employé·es_à_temp_plein	-11_p%	0.10831000000000003
Finlande	2022°	Part_des_employé·es_à_temp_plein	-11_p%	0.11055999999999998
France	2022°	Part_des_employé·es_à_temp_plein	-18_p%	0.18070999999999998
Grèce	2022°	Part_des_employé·es_à_temp_plein	-7_p%	0.07218000000000004
Hongrie	2022°	Part_des_employé·es_à_temp_plein	-4_p%	0.03710000000000008
Irlande	2022°	Part_des_employé·es_à_temp_plein	-20_p%	0.19965999999999995
Islande	2022°	Part_des_employé·es_à_temp_plein	-20_p%	0.20212999999999995
Israël	2022°	Part_des_employé·es_à_temp_plein	-18_p%	0.17918000000000006
Italie	2022°	Part_des_employé·es_à_temp_plein	-24_p%	0.23518
Japon	2022°	Part_des_employé·es_à_temp_plein	-24_p%	0.24160999999999994
Lettonie	2022°	Part_des_employé·es_à_temp_plein	-5_p%	0.05471999999999994
Lituanie	2022°	Part_des_employé·es_à_temp_plein	-4_p%	0.04072000000000003
Luxembourg	2022°	Part_des_employé·es_à_temp_plein	-23_p%	0.23322999999999994
Macédoine_du_Nord	2022°	Part_des_employé·es_à_temp_plein	-1_p%	0.005109999999999957
Malte	2022°	Part_des_employé·es_à_temp_plein	-13_p%	0.1303
Mexique	2022°	Part_des_employé·es_à_temp_plein	-16_p%	0.15869
Norvège	2022°	Part_des_employé·es_à_temp_plein	-18_p%	0.18324
Nouvelle-Zélande	2022°	Part_des_employé·es_à_temp_plein	-17_p%	0.17367000000000005
OCDE_-_Total	2022°	Part_des_employé·es_à_temp_plein	-17_p%	0.17367000000000005
Pays-Bas	2022°	Part_des_employé·es_à_temp_plein	-40_p%	0.3960499999999999
Pologne	2022°	Part_des_employé·es_à_temp_plein	-4_p%	0.04236999999999995
Portugal	2022°	Part_des_employé·es_à_temp_plein	-4_p%	0.04027000000000001
Pérou	2022°	Part_des_employé·es_à_temp_plein	-16_p%	0.16200000000000003
Roumanie	2022°	Part_des_employé·es_à_temp_plein	+1_p%	0.007449999999999904
Royaume-Uni	2022°	Part_des_employé·es_à_temp_plein	-25_p%	0.24592999999999995
Seychelles	2022°	Part_des_employé·es_à_temp_plein	-8_p%	0.07817999999999997
Slovaquie	2022°	Part_des_employé·es_à_temp_plein	-2_p%	0.023310000000000032
Slovénie	2022°	Part_des_employé·es_à_temp_plein	-6_p%	0.06453000000000003
Suisse	2022°	Part_des_employé·es_à_temp_plein	-39_p%	0.39045
Suède	2022°	Part_des_employé·es_à_temp_plein	-15_p%	0.15
Turquie	2022°	Part_des_employé·es_à_temp_plein	-9_p%	0.08824999999999988
États-Unis	2022°	Part_des_employé·es_à_temp_plein	-10_p%	0.10475999999999999
Afrique_du_Sud	2023°	Part_des_employé·es_à_temp_plein	-7_p%	0.0721499999999999
Allemagne	2023°	Part_des_employé·es_à_temp_plein	-35_p%	0.35202999999999995
Argentine	2023°	Part_des_employé·es_à_temp_plein	-23_p%	0.23241999999999996
Australie	2023°	Part_des_employé·es_à_temp_plein	-24_p%	0.23643
Autriche	2023°	Part_des_employé·es_à_temp_plein	-37_p%	0.3718599999999999
Belgique	2023°	Part_des_employé·es_à_temp_plein	-27_p%	0.26855999999999997
Bulgarie	2023°	Part_des_employé·es_à_temp_plein	-0_p%	0.004190000000000111
Canada	2023°	Part_des_employé·es_à_temp_plein	-11_p%	0.10927000000000006
Chili	2023°	Part_des_employé·es_à_temp_plein	-12_p%	0.11501000000000004
Chypre	2023°	Part_des_employé·es_à_temp_plein	-4_p%	0.043999999999999914
Colombie	2023°	Part_des_employé·es_à_temp_plein	-13_p%	0.12578999999999993
Costa_Rica	2023°	Part_des_employé·es_à_temp_plein	-14_p%	0.14348000000000014
Croatie	2023°	Part_des_employé·es_à_temp_plein	-1_p%	0.012250000000000085
Danemark	2023°	Part_des_employé·es_à_temp_plein	-19_p%	0.18968999999999994
Espagne	2023°	Part_des_employé·es_à_temp_plein	-14_p%	0.14480000000000004
Estonie	2023°	Part_des_employé·es_à_temp_plein	-9_p%	0.09256
Finlande	2023°	Part_des_employé·es_à_temp_plein	-10_p%	0.10475000000000008
France	2023°	Part_des_employé·es_à_temp_plein	-18_p%	0.17859999999999998
Grèce	2023°	Part_des_employé·es_à_temp_plein	-8_p%	0.07570000000000007
Hongrie	2023°	Part_des_employé·es_à_temp_plein	-3_p%	0.03477000000000004
Irlande	2023°	Part_des_employé·es_à_temp_plein	-20_p%	0.20382000000000006
Islande	2023°	Part_des_employé·es_à_temp_plein	-20_p%	0.20096000000000003
Israël	2023°	Part_des_employé·es_à_temp_plein	-18_p%	0.1777799999999999
Italie	2023°	Part_des_employé·es_à_temp_plein	-23_p%	0.23498000000000005
Japon	2023°	Part_des_employé·es_à_temp_plein	-24_p%	0.23608000000000004
Lettonie	2023°	Part_des_employé·es_à_temp_plein	-5_p%	0.04659000000000006
Lituanie	2023°	Part_des_employé·es_à_temp_plein	-4_p%	0.040289999999999965
Luxembourg	2023°	Part_des_employé·es_à_temp_plein	-21_p%	0.2051899999999999
Macédoine_du_Nord	2023°	Part_des_employé·es_à_temp_plein	-0_p%	9.000000000000341e-05
Malte	2023°	Part_des_employé·es_à_temp_plein	-12_p%	0.11569999999999993
Mexique	2023°	Part_des_employé·es_à_temp_plein	-16_p%	0.16354
Norvège	2023°	Part_des_employé·es_à_temp_plein	-17_p%	0.17256
Nouvelle-Zélande	2023°	Part_des_employé·es_à_temp_plein	-17_p%	0.17320999999999998
OCDE_-_Total	2023°	Part_des_employé·es_à_temp_plein	-17_p%	0.17263999999999996
Pays-Bas	2023°	Part_des_employé·es_à_temp_plein	-39_p%	0.39179
Pologne	2023°	Part_des_employé·es_à_temp_plein	-5_p%	0.04653999999999996
Portugal	2023°	Part_des_employé·es_à_temp_plein	-5_p%	0.050139999999999955
Pérou	2023°	Part_des_employé·es_à_temp_plein	-16_p%	0.15873000000000004
Roumanie	2023°	Part_des_employé·es_à_temp_plein	+1_p%	0.007189999999999941
Royaume-Uni	2023°	Part_des_employé·es_à_temp_plein	-24_p%	0.23918
Seychelles	2023°	Part_des_employé·es_à_temp_plein	-9_p%	0.08729999999999989
Slovaquie	2023°	Part_des_employé·es_à_temp_plein	-3_p%	0.031000000000000087
Slovénie	2023°	Part_des_employé·es_à_temp_plein	-7_p%	0.06754999999999996
Suisse	2023°	Part_des_employé·es_à_temp_plein	-38_p%	0.38399000000000005
Suède	2023°	Part_des_employé·es_à_temp_plein	-14_p%	0.13986000000000004
Turquie	2023°	Part_des_employé·es_à_temp_plein	-8_p%	0.08262999999999991
États-Unis	2023°	Part_des_employé·es_à_temp_plein	-11_p%	0.10777
Afrique_du_Sud	2024°	Part_des_employé·es_à_temp_plein	-7_p%	0.06727999999999995
Allemagne	2024°	Part_des_employé·es_à_temp_plein	-35_p%	0.35448999999999997
Australie	2024°	Part_des_employé·es_à_temp_plein	-23_p%	0.23304000000000002
Autriche	2024°	Part_des_employé·es_à_temp_plein	-37_p%	0.37395
Belgique	2024°	Part_des_employé·es_à_temp_plein	-26_p%	0.26008999999999993
Bulgarie	2024°	Part_des_employé·es_à_temp_plein	-0_p%	0.003950000000000103
Canada	2024°	Part_des_employé·es_à_temp_plein	-11_p%	0.10932000000000003
Chili	2024°	Part_des_employé·es_à_temp_plein	-11_p%	0.1138900000000001
Chypre	2024°	Part_des_employé·es_à_temp_plein	-5_p%	0.04823000000000008
Colombie	2024°	Part_des_employé·es_à_temp_plein	-12_p%	0.12129999999999995
Costa_Rica	2024°	Part_des_employé·es_à_temp_plein	-15_p%	0.14721000000000004
Croatie	2024°	Part_des_employé·es_à_temp_plein	-1_p%	0.013269999999999981
Danemark	2024°	Part_des_employé·es_à_temp_plein	-20_p%	0.19967
Espagne	2024°	Part_des_employé·es_à_temp_plein	-15_p%	0.1461399999999999
Estonie	2024°	Part_des_employé·es_à_temp_plein	-10_p%	0.0950399999999999
Finlande	2024°	Part_des_employé·es_à_temp_plein	-10_p%	0.09619
France	2024°	Part_des_employé·es_à_temp_plein	-18_p%	0.1805600000000001
Grèce	2024°	Part_des_employé·es_à_temp_plein	-7_p%	0.07064999999999998
Hongrie	2024°	Part_des_employé·es_à_temp_plein	-4_p%	0.037959999999999924
Irlande	2024°	Part_des_employé·es_à_temp_plein	-19_p%	0.18503
Islande	2024°	Part_des_employé·es_à_temp_plein	-20_p%	0.20256
Israël	2024°	Part_des_employé·es_à_temp_plein	-17_p%	0.17009
Italie	2024°	Part_des_employé·es_à_temp_plein	-22_p%	0.22476
Japon	2024°	Part_des_employé·es_à_temp_plein	-23_p%	0.22976
Lettonie	2024°	Part_des_employé·es_à_temp_plein	-5_p%	0.050799999999999984
Lituanie	2024°	Part_des_employé·es_à_temp_plein	-4_p%	0.03778999999999996
Luxembourg	2024°	Part_des_employé·es_à_temp_plein	-21_p%	0.20688000000000004
Macédoine_du_Nord	2024°	Part_des_employé·es_à_temp_plein	-1_p%	0.005700000000000074
Malte	2024°	Part_des_employé·es_à_temp_plein	-12_p%	0.12007999999999995
Mexique	2024°	Part_des_employé·es_à_temp_plein	-16_p%	0.16268999999999992
Norvège	2024°	Part_des_employé·es_à_temp_plein	-16_p%	0.16364000000000004
Nouvelle-Zélande	2024°	Part_des_employé·es_à_temp_plein	-17_p%	0.16835999999999998
OCDE_-_Total	2024°	Part_des_employé·es_à_temp_plein	-17_p%	0.17076999999999998
Pays-Bas	2024°	Part_des_employé·es_à_temp_plein	-39_p%	0.3939999999999999
Pologne	2024°	Part_des_employé·es_à_temp_plein	-5_p%	0.04825000000000003
Portugal	2024°	Part_des_employé·es_à_temp_plein	-5_p%	0.04593999999999994
Pérou	2024°	Part_des_employé·es_à_temp_plein	-14_p%	0.14458
Roumanie	2024°	Part_des_employé·es_à_temp_plein	+1_p%	0.00652000000000001
Royaume-Uni	2024°	Part_des_employé·es_à_temp_plein	-23_p%	0.23012999999999997
Seychelles	2024°	Part_des_employé·es_à_temp_plein	-9_p%	0.08998999999999996
Slovaquie	2024°	Part_des_employé·es_à_temp_plein	-4_p%	0.03577000000000012
Slovénie	2024°	Part_des_employé·es_à_temp_plein	-7_p%	0.06557000000000002
Suisse	2024°	Part_des_employé·es_à_temp_plein	-38_p%	0.38195
Suède	2024°	Part_des_employé·es_à_temp_plein	-13_p%	0.12930000000000008
Turquie	2024°	Part_des_employé·es_à_temp_plein	-9_p%	0.08956000000000003
États-Unis	2024°	Part_des_employé·es_à_temp_plein	-11_p%	0.10795999999999992
Afrique_du_Sud	2025°	Part_des_employé·es_à_temp_plein	-7_p%	0.06987000000000008
Allemagne	2025°	Part_des_employé·es_à_temp_plein	-35_p%	0.35413000000000006
Australie	2025°	Part_des_employé·es_à_temp_plein	-23_p%	0.23066000000000003
Autriche	2025°	Part_des_employé·es_à_temp_plein	-36_p%	0.35830999999999996
Belgique	2025°	Part_des_employé·es_à_temp_plein	-25_p%	0.24989000000000006
Bulgarie	2025°	Part_des_employé·es_à_temp_plein	-1_p%	0.005890000000000129
Canada	2025°	Part_des_employé·es_à_temp_plein	-11_p%	0.10799999999999997
Chili	2025°	Part_des_employé·es_à_temp_plein	-11_p%	0.11454000000000007
Chypre	2025°	Part_des_employé·es_à_temp_plein	-4_p%	0.04417999999999992
Colombie	2025°	Part_des_employé·es_à_temp_plein	-13_p%	0.12697000000000003
Costa_Rica	2025°	Part_des_employé·es_à_temp_plein	-14_p%	0.13967
Croatie	2025°	Part_des_employé·es_à_temp_plein	-2_p%	0.017710000000000007
Danemark	2025°	Part_des_employé·es_à_temp_plein	-20_p%	0.19574000000000005
Espagne	2025°	Part_des_employé·es_à_temp_plein	-15_p%	0.14518
Estonie	2025°	Part_des_employé·es_à_temp_plein	-8_p%	0.08477999999999994
Finlande	2025°	Part_des_employé·es_à_temp_plein	-10_p%	0.10333999999999989
France	2025°	Part_des_employé·es_à_temp_plein	-17_p%	0.17322000000000004
Grèce	2025°	Part_des_employé·es_à_temp_plein	-6_p%	0.05504999999999995
Hongrie	2025°	Part_des_employé·es_à_temp_plein	-4_p%	0.04483000000000004
Irlande	2025°	Part_des_employé·es_à_temp_plein	-19_p%	0.19174999999999998
Islande	2025°	Part_des_employé·es_à_temp_plein	-19_p%	0.18683999999999998
Israël	2025°	Part_des_employé·es_à_temp_plein	-17_p%	0.16977999999999993
Italie	2025°	Part_des_employé·es_à_temp_plein	-21_p%	0.21305999999999997
Japon	2025°	Part_des_employé·es_à_temp_plein	-23_p%	0.22668
Lettonie	2025°	Part_des_employé·es_à_temp_plein	-6_p%	0.057879999999999966
Lituanie	2025°	Part_des_employé·es_à_temp_plein	-4_p%	0.03707999999999998
Luxembourg	2025°	Part_des_employé·es_à_temp_plein	-20_p%	0.20137
Macédoine_du_Nord	2025°	Part_des_employé·es_à_temp_plein	-1_p%	0.006530000000000058
Malte	2025°	Part_des_employé·es_à_temp_plein	-13_p%	0.12521000000000002
Mexique	2025°	Part_des_employé·es_à_temp_plein	-15_p%	0.15436999999999998
Norvège	2025°	Part_des_employé·es_à_temp_plein	-16_p%	0.15585000000000007
Nouvelle-Zélande	2025°	Part_des_employé·es_à_temp_plein	-17_p%	0.17001999999999995
OCDE_-_Total	2025°	Part_des_employé·es_à_temp_plein	-17_p%	0.16831000000000004
Pays-Bas	2025°	Part_des_employé·es_à_temp_plein	-39_p%	0.38795
Pologne	2025°	Part_des_employé·es_à_temp_plein	-5_p%	0.052000000000000025
Portugal	2025°	Part_des_employé·es_à_temp_plein	-5_p%	0.045350000000000106
Roumanie	2025°	Part_des_employé·es_à_temp_plein	+1_p%	0.010349999999999965
Royaume-Uni	2025°	Part_des_employé·es_à_temp_plein	-23_p%	0.23032999999999995
Seychelles	2025°	Part_des_employé·es_à_temp_plein	-9_p%	0.09409000000000006
Slovaquie	2025°	Part_des_employé·es_à_temp_plein	-4_p%	0.03507999999999996
Slovénie	2025°	Part_des_employé·es_à_temp_plein	-6_p%	0.06433999999999998
Suisse	2025°	Part_des_employé·es_à_temp_plein	-38_p%	0.37637
Suède	2025°	Part_des_employé·es_à_temp_plein	-12_p%	0.12375
Turquie	2025°	Part_des_employé·es_à_temp_plein	-10_p%	0.09876999999999996
États-Unis	2025°	Part_des_employé·es_à_temp_plein	-11_p%	0.10676999999999992
